Sample in Buffer,Sample in Window,TRIGGER,system_top_i/rv_system/system_ila_0/inst/probe0_1[38:0],system_top_i/rv_system/system_ila_0/inst/probe1_1,system_top_i/rv_system/system_ila_0/inst/probe2_1,system_top_i/rv_system/system_ila_0/inst/probe3_1[4:0],system_top_i/rv_system/system_ila_0/inst/probe4_1[63:0],system_top_i/rv_system/system_ila_0/inst/probe5_1[63:0],system_top_i/rv_system/system_ila_0/inst/probe6_1
Radix - UNSIGNED,UNSIGNED,UNSIGNED,HEX,HEX,HEX,HEX,HEX,HEX,HEX
0,0,0,0080000184,0,0,13,ffffffff800f0000,000000002f077f5d,0
1,1,0,0080000184,0,0,13,ffffffff800f0000,000000002f077f5d,0
2,2,0,0080000188,1,1,14,0000000000000000,000000002f077f5d,0
3,3,0,0080000188,0,0,14,0000000000000000,000000002f077f5e,0
4,4,0,0080000188,0,0,14,0000000000000000,000000002f077f5e,0
5,5,0,008000018c,1,1,15,ffffffff80113d10,000000002f077f5e,0
6,6,0,008000018c,0,0,15,ffffffff80113d10,000000002f077f5f,0
7,7,0,008000018c,0,0,15,ffffffff80113d10,000000002f077f5f,0
8,8,0,0080000190,1,1,16,00000000000011f8,000000002f077f5f,0
9,9,0,0080000190,0,0,16,00000000000011f8,000000002f077f60,0
10,10,0,0080000190,0,0,16,00000000000011f8,000000002f077f60,0
11,11,0,0080000194,1,1,17,ffffffff800cc000,000000002f077f60,0
12,12,0,0080000194,0,0,17,ffffffff800cc000,000000002f077f61,0
13,13,0,0080000194,0,0,17,ffffffff800cc000,000000002f077f61,0
14,14,0,0080000198,1,1,18,0000000000000000,000000002f077f61,0
15,15,0,0080000198,0,0,18,0000000000000000,000000002f077f62,0
16,16,0,0080000198,0,0,18,0000000000000000,000000002f077f62,0
17,17,0,008000019c,1,1,19,0000000000001ee0,000000002f077f62,0
18,18,0,008000019c,0,0,19,0000000000001ee0,000000002f077f63,0
19,19,0,008000019c,0,0,19,0000000000001ee0,000000002f077f63,0
20,20,0,00800001a0,1,1,1a,ffffffff80118000,000000002f077f63,0
21,21,0,00800001a0,0,0,1a,ffffffff80118000,000000002f077f64,0
22,22,0,00800001a0,0,0,1a,ffffffff80118000,000000002f077f64,0
23,23,0,00800001a4,1,1,1b,0000000000000000,000000002f077f64,0
24,24,0,00800001a4,0,0,1b,0000000000000000,000000002f077f65,0
25,25,0,00800001a4,0,0,1b,0000000000000000,000000002f077f65,0
26,26,0,00800001a8,1,1,1c,0000000000000000,000000002f077f65,0
27,27,0,00800001a8,0,0,1c,0000000000000000,000000002f077f66,0
28,28,0,00800001a8,0,0,1c,0000000000000000,000000002f077f66,0
29,29,0,00800001ac,1,1,1d,0000000000000000,000000002f077f66,0
30,30,0,00800001ac,0,0,1d,0000000000000000,000000002f077f67,0
31,31,0,00800001ac,0,0,1d,0000000000000000,000000002f077f67,0
32,32,0,00800001b0,1,1,1e,6db6db6db6db6db7,000000002f077f67,0
33,33,0,00800001b0,0,0,1e,6db6db6db6db6db7,000000002f077f68,0
34,34,0,00800001b0,0,0,1e,6db6db6db6db6db7,000000002f077f68,0
35,35,0,00800001b4,1,1,1f,ffffffff800f2654,000000002f077f68,0
36,36,0,00800001b4,0,0,1f,ffffffff800f2654,000000002f077f69,0
37,37,0,00800001b4,0,0,1f,ffffffff800f2654,000000002f077f69,0
38,38,0,00800001b8,1,1,02,ffffffff80113c70,000000002f077f69,0
39,39,0,00800001bc,1,1,00,000000000000b109,000000002f077f6a,0
40,40,0,00800001c0,0,0,02,000000008000bdc0,000000002f077f6b,0
41,41,0,00800001c0,0,0,02,000000008000bdc0,000000002f077f6b,0
42,42,0,00800001c0,0,0,02,000000008000bdc0,000000002f077f6b,0
43,43,0,00800001c0,0,0,02,000000008000bdc0,000000002f077f6b,0
44,44,0,00800001c0,0,0,02,000000008000bdc0,000000002f077f6b,0
45,45,0,00800001c0,0,0,02,000000008000bdc0,000000002f077f6b,0
46,46,0,00800001c0,0,0,02,000000008000bdc0,000000002f077f6b,0
47,47,0,00800001c0,0,0,02,000000008000bdc0,000000002f077f6b,0
48,48,0,7f800ba340,1,0,0f,0000000000000000,000000002f077f6b,0
49,49,0,7f800ba340,0,0,0f,0000000000000000,000000002f077f6c,0
50,50,0,7f800ba340,0,0,0f,0000000000000000,000000002f077f6c,0
51,51,0,7f800ba340,0,0,0f,0000000000000000,000000002f077f6c,0
52,52,0,7f800ba340,0,0,0f,0000000000000000,000000002f077f6c,0
53,53,0,7f800ba340,0,0,0f,0000000000000000,000000002f077f6c,0
54,54,0,7f800ba340,0,0,0f,0000000000000000,000000002f077f6c,0
55,55,0,7f800ba340,0,0,0f,0000000000000000,000000002f077f6c,0
56,56,0,0080000004,1,1,02,000000008000bdc0,000000002f077f6c,0
57,57,0,0080000004,0,0,02,000000008000bdc0,000000002f077f6d,0
58,58,0,0080000008,1,0,00,000000008000000c,000000002f077f6d,0
59,59,0,0080000008,0,0,00,000000008000000c,000000002f077f6e,0
60,60,0,0080000008,0,0,00,000000008000000c,000000002f077f6e,0
61,61,0,008000000c,1,0,00,00000000000003e8,000000002f077f6e,0
62,62,0,008000000c,0,0,00,00000000000003e8,000000002f077f6f,0
63,63,0,008000000c,0,0,00,00000000000003e8,000000002f077f6f,0
64,64,0,0080000010,1,0,00,0000000000000000,000000002f077f6f,0
65,65,0,0080000014,1,1,0b,0000000000000002,000000002f077f70,0
66,66,0,0080000014,0,0,0b,0000000000000002,000000002f077f71,0
67,67,0,0080000018,1,0,00,000000008000001c,000000002f077f71,0
68,68,0,0080000018,0,0,00,000000008000001c,000000002f077f72,0
69,69,0,0080000018,0,0,00,000000008000001c,000000002f077f72,0
70,70,0,008000009c,1,0,00,ffffffff80019d2c,000000002f077f72,0
71,71,0,008000009c,0,0,00,ffffffff80019d2c,000000002f077f73,0
72,72,0,008000009c,0,0,00,ffffffff80019d2c,000000002f077f73,0
73,73,0,00800000a0,1,0,00,ffffffff800ea868,000000002f077f73,0
74,74,0,00800000a0,0,0,00,ffffffff800ea868,000000002f077f74,0
75,75,0,00800000a0,0,0,00,ffffffff800ea868,000000002f077f74,0
76,76,0,00800000a4,1,0,00,ffffffff80118000,000000002f077f74,0
77,77,0,00800000a4,0,0,00,ffffffff80118000,000000002f077f75,0
78,78,0,00800000a4,0,0,00,ffffffff80118000,000000002f077f75,0
79,79,0,00800000a8,1,0,00,ffffffff800f5e48,000000002f077f75,0
80,80,0,00800000ac,1,1,05,00000000800090ac,000000002f077f76,0
81,81,0,00800000ac,0,0,05,00000000800090ac,000000002f077f77,0
82,82,0,00800000ac,0,0,05,00000000800090ac,000000002f077f77,0
83,83,0,00800000b0,1,0,00,0000000000000038,000000002f077f77,0
84,84,0,00800000b4,1,1,06,0000000000000010,000000002f077f78,0
85,85,0,00800000b4,0,0,06,0000000000000010,000000002f077f79,0
86,86,0,00800000b4,0,0,06,0000000000000010,000000002f077f79,0
87,87,0,00800000b8,1,0,00,0000000000000200,000000002f077f79,0
88,88,0,00800000bc,1,1,06,00000000800090bc,000000002f077f7a,0
89,89,0,00800000bc,0,0,06,00000000800090bc,000000002f077f7b,0
90,90,0,00800000bc,0,0,06,00000000800090bc,000000002f077f7b,0
91,91,0,00800000c0,1,0,00,0000000000001130,000000002f077f7b,0
92,92,0,00800000c0,0,0,00,0000000000001130,000000002f077f7c,0
93,93,0,00800000c0,0,0,00,0000000000001130,000000002f077f7c,0
94,94,0,00800000c4,1,1,06,0000000080002b42,000000002f077f7c,0
95,95,0,00800000c4,0,0,06,0000000080002b42,000000002f077f7d,0
96,96,0,00800000c4,0,0,06,0000000080002b42,000000002f077f7d,0
97,97,0,00800000c8,1,0,00,0000000000000001,000000002f077f7d,0
98,98,0,00800000cc,1,1,0a,000000008000bdc0,000000002f077f7e,0
99,99,0,00800000cc,0,0,0a,000000008000bdc0,000000002f077f7f,0
100,100,0,00800000cc,0,0,0a,000000008000bdc0,000000002f077f7f,0
101,101,0,00800000d0,1,0,00,0000000000000000,000000002f077f7f,0
102,102,0,00800000d4,1,1,0c,ffffffff800ba340,000000002f077f80,0
103,103,0,00800000d4,0,0,0c,ffffffff800ba340,000000002f077f81,0
104,104,0,00800000d4,0,0,0c,ffffffff800ba340,000000002f077f81,0
105,105,0,00800000d8,1,0,00,00000000004664d1,000000002f077f81,0
106,106,0,00800000dc,1,1,05,ffffffff80113c70,000000002f077f82,0
107,107,0,00800000dc,0,0,05,ffffffff80113c70,000000002f077f83,0
108,108,0,00800000dc,0,0,05,ffffffff80113c70,000000002f077f83,0
109,109,0,00800000e0,1,0,00,00000000000003e7,000000002f077f83,0
110,110,0,00800000e0,0,0,00,00000000000003e7,000000002f077f84,0
111,111,0,00800000e0,0,0,00,00000000000003e7,000000002f077f84,0
112,112,0,00800000e4,1,0,00,00000000000346dc,000000002f077f84,0
113,113,0,00800000e4,0,0,00,00000000000346dc,000000002f077f85,0
114,114,0,00800000e4,0,0,00,00000000000346dc,000000002f077f85,0
115,115,0,00800000e8,1,0,00,0000000000000007,000000002f077f85,0
116,116,0,00800000e8,0,0,00,0000000000000007,000000002f077f86,0
117,117,0,00800000e8,0,0,00,0000000000000007,000000002f077f86,0
118,118,0,00800000ec,1,0,00,0000000000000001,000000002f077f86,0
119,119,0,00800000ec,0,0,00,0000000000000001,000000002f077f87,0
120,120,0,00800000ec,0,0,00,0000000000000001,000000002f077f87,0
121,121,0,00800000f0,1,0,00,0000000000000004,000000002f077f87,0
122,122,0,00800000f0,0,0,00,0000000000000004,000000002f077f88,0
123,123,0,00800000f0,0,0,00,0000000000000004,000000002f077f88,0
124,124,0,00800000f4,1,0,00,ffffffff800f0000,000000002f077f88,0
125,125,0,00800000f4,0,0,00,ffffffff800f0000,000000002f077f89,0
126,126,0,00800000f4,0,0,00,ffffffff800f0000,000000002f077f89,0
127,127,0,00800000f8,1,0,00,0000000000000000,000000002f077f89,0
128,128,0,00800000f8,0,0,00,0000000000000000,000000002f077f8a,0
129,129,0,00800000f8,0,0,00,0000000000000000,000000002f077f8a,0
130,130,0,00800000fc,1,0,00,ffffffff80113d10,000000002f077f8a,0
131,131,0,00800000fc,0,0,00,ffffffff80113d10,000000002f077f8b,0
132,132,0,00800000fc,0,0,00,ffffffff80113d10,000000002f077f8b,0
133,133,0,0080000100,1,0,00,00000000000011f8,000000002f077f8b,0
134,134,0,0080000100,0,0,00,00000000000011f8,000000002f077f8c,0
135,135,0,0080000100,0,0,00,00000000000011f8,000000002f077f8c,0
136,136,0,0080000104,1,0,00,ffffffff800cc000,000000002f077f8c,0
137,137,0,0080000104,0,0,00,ffffffff800cc000,000000002f077f8d,0
138,138,0,0080000104,0,0,00,ffffffff800cc000,000000002f077f8d,0
139,139,0,0080000108,1,0,00,0000000000000000,000000002f077f8d,0
140,140,0,0080000108,0,0,00,0000000000000000,000000002f077f8e,0
141,141,0,0080000108,0,0,00,0000000000000000,000000002f077f8e,0
142,142,0,008000010c,1,0,00,0000000000001ee0,000000002f077f8e,0
143,143,0,008000010c,0,0,00,0000000000001ee0,000000002f077f8f,0
144,144,0,008000010c,0,0,00,0000000000001ee0,000000002f077f8f,0
145,145,0,0080000110,1,0,00,ffffffff80118000,000000002f077f8f,0
146,146,0,0080000110,0,0,00,ffffffff80118000,000000002f077f90,0
147,147,0,0080000110,0,0,00,ffffffff80118000,000000002f077f90,0
148,148,0,0080000114,1,0,00,0000000000000000,000000002f077f90,0
149,149,0,0080000114,0,0,00,0000000000000000,000000002f077f91,0
150,150,0,0080000114,0,0,00,0000000000000000,000000002f077f91,0
151,151,0,0080000118,1,0,00,0000000000000000,000000002f077f91,0
152,152,0,0080000118,0,0,00,0000000000000000,000000002f077f92,0
153,153,0,0080000118,0,0,00,0000000000000000,000000002f077f92,0
154,154,0,008000011c,1,0,00,0000000000000000,000000002f077f92,0
155,155,0,008000011c,0,0,00,0000000000000000,000000002f077f93,0
156,156,0,008000011c,0,0,00,0000000000000000,000000002f077f93,0
157,157,0,0080000120,1,0,00,6db6db6db6db6db7,000000002f077f93,0
158,158,0,0080000120,0,0,00,6db6db6db6db6db7,000000002f077f94,0
159,159,0,0080000120,0,0,00,6db6db6db6db6db7,000000002f077f94,0
160,160,0,0080000124,1,0,00,ffffffff800f2654,000000002f077f94,0
161,161,0,0080000124,0,0,00,ffffffff800f2654,000000002f077f95,0
162,162,0,0080000124,0,0,00,ffffffff800f2654,000000002f077f95,0
163,163,0,0080000128,1,0,00,ffffffff80113c70,000000002f077f95,0
164,164,0,0080000128,0,0,00,ffffffff80113c70,000000002f077f96,0
165,165,0,0080000128,0,0,00,ffffffff80113c70,000000002f077f96,0
166,166,0,0080000128,0,0,00,ffffffff80113c70,000000002f077f96,0
167,167,0,008000012c,1,1,04,0000000000000000,000000002f077f96,0
168,168,0,008000012c,0,0,04,0000000000000000,000000002f077f97,0
169,169,0,008000012c,0,0,04,0000000000000000,000000002f077f97,0
170,170,0,0080000130,1,0,00,0000000000000000,000000002f077f97,0
171,171,0,0080000134,1,1,01,0000000080000138,000000002f077f98,0
172,172,0,0080000134,0,0,01,0000000080000138,000000002f077f99,0
173,173,0,0080000134,0,0,01,0000000080000138,000000002f077f99,0
174,174,0,0080000134,0,0,01,0000000080000138,000000002f077f99,0
175,175,0,0080000134,0,0,01,0000000080000138,000000002f077f99,0
176,176,0,0080000134,0,0,01,0000000080000138,000000002f077f99,0
177,177,0,0080000134,0,0,01,0000000080000138,000000002f077f99,0
178,178,0,0080000134,0,0,01,0000000080000138,000000002f077f99,0
179,179,0,0080002b42,1,1,1c,0000000000000002,000000002f077f99,0
180,180,0,0080002b44,1,1,0f,ffffffff800ba340,000000002f077f9a,0
181,181,0,0080002b44,0,0,0f,ffffffff800ba340,000000002f077f9b,0
182,182,0,0080002b46,1,1,11,0000000000000822,000000002f077f9b,0
183,183,0,0080002b4a,1,1,0e,0000000000000000,000000002f077f9c,0
184,184,0,0080002b4e,1,1,10,0000000000000003,000000002f077f9d,0
185,185,0,0080002b50,1,1,06,0000000000000000,000000002f077f9e,0
186,186,0,0080002b54,1,0,00,0000000080002b58,000000002f077f9f,0
187,187,0,0080002b7c,1,0,00,0000000080002b7e,000000002f077fa0,0
188,188,0,0080002bec,1,1,0b,00000000000a0000,000000002f077fa1,0
189,189,0,0080002bf0,1,1,0d,0000000000000822,000000002f077fa2,0
190,190,0,0080002bf4,1,1,11,0000000000000000,000000002f077fa3,0
191,191,0,0080002bf8,1,0,00,0000000080002bfc,000000002f077fa4,0
192,192,0,0080002bf8,0,0,00,0000000080002bfc,000000002f077fa5,0
193,193,0,0080002bf8,0,0,00,0000000080002bfc,000000002f077fa5,0
194,194,0,0080002bf8,0,0,00,0000000080002bfc,000000002f077fa5,0
195,195,0,0080002bf8,0,0,00,0000000080002bfc,000000002f077fa5,0
196,196,0,0080002bf8,0,0,00,0000000080002bfc,000000002f077fa5,0
197,197,0,0080002bf8,0,0,00,0000000080002bfc,000000002f077fa5,0
198,198,0,0080002bf8,0,0,00,0000000080002bfc,000000002f077fa5,0
199,199,0,0080002bf8,0,0,00,0000000080002bfc,000000002f077fa5,0
200,200,0,0080002bf8,0,0,00,0000000080002bfc,000000002f077fa5,0
201,201,0,0080002bf8,0,0,00,0000000080002bfc,000000002f077fa5,0
202,202,0,0080002bf8,0,0,00,0000000080002bfc,000000002f077fa5,0
203,203,0,0080002bf8,0,0,00,0000000080002bfc,000000002f077fa5,0
204,204,0,0080002bfc,1,1,0e,00000000c01027f3,000000002f077fa5,0
205,205,0,0080002c00,1,1,11,0000000000000003,000000002f077fa6,0
206,206,0,0080002c04,1,0,00,0000000080002c08,000000002f077fa7,0
207,207,0,0080002c22,1,1,00,00000000000a0822,000000002f077fa8,0
208,208,0,0080002c26,1,1,0c,0000000000000003,000000002f077fa9,0
209,209,0,0080002c2a,1,1,11,0000000000000822,000000002f077faa,0
210,210,0,0080002c2c,1,0,00,0000000080002c30,000000002f077fab,0
211,211,0,0080002b58,1,1,0d,ffffffff800ba344,000000002f077fac,0
212,212,0,0080002b5c,1,1,00,ffffffff800ba340,000000002f077fad,0
213,213,0,0080002b60,1,1,10,0000000080006b60,000000002f077fae,0
214,214,0,0080002b64,1,1,10,00000000800069c8,000000002f077faf,0
215,215,0,0080002b68,1,1,0c,0000000000000070,000000002f077fb0,0
216,216,0,0080002b6c,1,1,0c,0000000080006a38,000000002f077fb1,0
217,217,0,0080002b6c,0,0,0c,0000000080006a38,000000002f077fb2,0
218,218,0,0080002b6c,0,0,0c,0000000080006a38,000000002f077fb2,0
219,219,0,0080002b6c,0,0,0c,0000000080006a38,000000002f077fb2,0
220,220,0,0080002b6c,0,0,0c,0000000080006a38,000000002f077fb2,0
221,221,0,0080002b6e,1,1,06,ffffffffffffc346,000000002f077fb2,0
222,222,0,0080002b72,1,1,0d,0000000000000822,000000002f077fb3,0
223,223,0,0080002b74,1,1,0c,ffffffff800ba340,000000002f077fb4,0
224,224,0,0080002b76,1,1,06,0000000080002d0e,000000002f077fb5,0
225,225,0,0080002b78,1,1,0b,0000000000000002,000000002f077fb6,0
226,226,0,0080002b7a,1,1,00,0000000080002b7c,000000002f077fb7,0
227,227,0,0080002d0e,1,1,11,0000000000002000,000000002f077fb8,0
228,228,0,0080002d10,1,1,0b,0000000000000822,000000002f077fb9,0
229,229,0,0080002d12,1,1,10,00000000000c0102,000000002f077fba,0
230,230,0,0080002d12,0,0,10,00000000000c0102,000000002f077fbb,0
231,231,0,0080002d16,1,1,11,0000000000001800,000000002f077fbb,0
232,232,0,0080002d1a,1,1,0d,000000008000bdc0,000000002f077fbc,0
233,233,0,0080002d1c,1,1,1c,0000000000018020,000000002f077fbd,0
234,234,0,0080002d20,1,1,0f,0000000000000000,000000002f077fbe,0
235,235,0,0080002d24,1,1,11,0000000000000800,000000002f077fbf,0
236,236,0,0080002d28,1,1,06,00000000000007ff,000000002f077fc0,0
237,237,0,0080002d2c,1,1,1d,0000000000000000,000000002f077fc1,0
238,238,0,0080002d30,1,1,0a,ffffffff800ba340,000000002f077fc2,0
239,239,0,0080002d32,1,1,1c,000000008000bdc0,000000002f077fc3,0
240,240,0,0080002d32,0,0,1c,000000008000bdc0,000000002f077fc4,0
241,241,0,0080002d36,1,1,0f,0000000000000c01,000000002f077fc4,0
242,242,0,0080002d3a,1,0,00,0000000080002d3e,000000002f077fc5,0
243,243,0,0080002de6,1,1,11,0000000000001000,000000002f077fc6,0
244,244,0,0080002de8,1,1,0c,0000000000000b03,000000002f077fc7,0
245,245,0,0080002dec,1,0,00,0000000080002df0,000000002f077fc8,0
246,246,0,0080002df0,1,0,00,0000000080002df4,000000002f077fc9,0
247,247,0,0080002df4,1,1,0c,0000000000000c01,000000002f077fca,0
248,248,0,0080002df8,1,0,00,0000000080002dfc,000000002f077fcb,0
249,249,0,0080002dfc,0,0,00,0000000080002e00,000000002f077fcc,0
250,250,0,0080002dfc,0,0,00,0000000080002e00,000000002f077fcc,0
251,251,0,0080002dfc,0,0,00,0000000080002e00,000000002f077fcc,0
252,252,0,0080002dfc,0,0,00,0000000080002e00,000000002f077fcc,0
253,253,0,0080002dfc,0,0,00,0000000080002e00,000000002f077fcc,0
254,254,0,0080002dfc,0,0,00,0000000080002e00,000000002f077fcc,0
255,255,0,0080002dfc,0,0,00,0000000080002e00,000000002f077fcc,0
256,256,0,0080002dfc,0,0,00,0000000080002e00,000000002f077fcc,0
257,257,0,0080002efe,1,1,0c,0000000080012efe,000000002f077fcc,0
258,258,0,0080002efe,0,0,0c,0000000080012efe,000000002f077fcd,0
259,259,0,0080002efe,0,0,0c,0000000080012efe,000000002f077fcd,0
260,260,0,0080002f02,1,1,0c,000000003800bff8,000000002f077fcd,0
261,261,0,0080002f02,0,0,0c,000000003800bff8,000000002f077fce,0
262,262,0,0080002f02,0,0,0c,000000003800bff8,000000002f077fce,0
263,263,0,0080002f02,0,0,0c,000000003800bff8,000000002f077fce,0
264,264,0,0080002f02,0,0,0c,000000003800bff8,000000002f077fce,0
265,265,0,0080002f02,0,0,0c,000000003800bff8,000000002f077fce,0
266,266,0,0080002f02,0,0,0c,000000003800bff8,000000002f077fce,0
267,267,0,0080002f06,1,1,1e,00000000004664d2,000000002f077fce,0
268,268,0,0080002f0a,1,1,00,0000000080002f0c,000000002f077fcf,0
269,269,0,0080002d6e,1,1,10,0000000000000002,000000002f077fd0,0
270,270,0,0080002d72,1,1,06,0000000080006d72,000000002f077fd1,0
271,271,0,0080002d76,1,1,06,0000000080006a48,000000002f077fd2,0
272,272,0,0080002d7a,1,1,10,0000000000000008,000000002f077fd3,0
273,273,0,0080002d7c,1,1,10,0000000080006a50,000000002f077fd4,0
274,274,0,0080002d7c,0,0,10,0000000080006a50,000000002f077fd5,0
275,275,0,0080002d7c,0,0,10,0000000080006a50,000000002f077fd5,0
276,276,0,0080002d7c,0,0,10,0000000080006a50,000000002f077fd5,0
277,277,0,0080002d7c,0,0,10,0000000080006a50,000000002f077fd5,0
278,278,0,0080002d7e,1,1,0c,ffffffffffffc472,000000002f077fd5,0
279,279,0,0080002d7e,0,0,0c,ffffffffffffc472,000000002f077fd6,0
280,280,0,0080002d7e,0,0,0c,ffffffffffffc472,000000002f077fd6,0
281,281,0,0080002d82,1,1,11,0000000000000000,000000002f077fd6,0
282,282,0,0080002d86,1,1,0c,0000000080002eba,000000002f077fd7,0
283,283,0,0080002d88,1,1,00,0000000080002d8a,000000002f077fd8,0
284,284,0,0080002d8a,0,0,0c,fffffffffffffc01,000000002f077fd9,0
285,285,0,0080002d8a,0,0,0c,fffffffffffffc01,000000002f077fd9,0
286,286,0,0080002d8a,0,0,0c,fffffffffffffc01,000000002f077fd9,0
287,287,0,0080002d8a,0,0,0c,fffffffffffffc01,000000002f077fd9,0
288,288,0,0080002d8a,0,0,0c,fffffffffffffc01,000000002f077fd9,0
289,289,0,0080002d8a,0,0,0c,fffffffffffffc01,000000002f077fd9,0
290,290,0,0080002d8a,0,0,0c,fffffffffffffc01,000000002f077fd9,0
291,291,0,0080002eba,1,1,11,00000000004664d2,000000002f077fd9,0
292,292,0,0080002eba,0,0,11,00000000004664d2,000000002f077fda,0
293,293,0,0080002ebe,1,0,00,0000000080002ec2,000000002f077fda,0
294,294,0,0080002ec2,1,1,0e,000000000c01027f,000000002f077fdb,0
295,295,0,0080002ec4,1,1,0e,0000000000000078,000000002f077fdc,0
296,296,0,0080002ec8,1,1,0d,000000008000be38,000000002f077fdd,0
297,297,0,0080002ec8,0,0,0d,000000008000be38,000000002f077fde,0
298,298,0,0080002ec8,0,0,0d,000000008000be38,000000002f077fde,0
299,299,0,0080002eca,1,0,00,00000000000346dc,000000002f077fde,0
300,300,0,0080002ece,1,1,00,0000000080002ed0,000000002f077fdf,0
301,301,0,0080002ece,0,0,00,0000000080002ed0,000000002f077fe0,0
302,302,0,0080002ece,0,0,00,0000000080002ed0,000000002f077fe0,0
303,303,0,0080000138,1,0,00,0000000000000000,000000002f077fe0,0
304,304,0,008000013c,1,1,00,0000000000000000,000000002f077fe1,0
305,305,0,008000013c,0,0,00,0000000000000000,000000002f077fe2,0
306,306,0,008000013c,0,0,00,0000000000000000,000000002f077fe2,0
307,307,0,0080000140,1,1,01,ffffffff80019d2c,000000002f077fe2,0
308,308,0,0080000140,0,0,01,ffffffff80019d2c,000000002f077fe3,0
309,309,0,0080000140,0,0,01,ffffffff80019d2c,000000002f077fe3,0
310,310,0,0080000144,1,1,03,ffffffff800ea868,000000002f077fe3,0
311,311,0,0080000144,0,0,03,ffffffff800ea868,000000002f077fe4,0
312,312,0,0080000144,0,0,03,ffffffff800ea868,000000002f077fe4,0
313,313,0,0080000148,1,1,04,ffffffff80118000,000000002f077fe4,0
314,314,0,0080000148,0,0,04,ffffffff80118000,000000002f077fe5,0
315,315,0,0080000148,0,0,04,ffffffff80118000,000000002f077fe5,0
316,316,0,008000014c,1,1,05,ffffffff800f5e48,000000002f077fe5,0
317,317,0,008000014c,0,0,05,ffffffff800f5e48,000000002f077fe6,0
318,318,0,008000014c,0,0,05,ffffffff800f5e48,000000002f077fe6,0
319,319,0,0080000150,1,1,06,0000000000000038,000000002f077fe6,0
320,320,0,0080000150,0,0,06,0000000000000038,000000002f077fe7,0
321,321,0,0080000150,0,0,06,0000000000000038,000000002f077fe7,0
322,322,0,0080000154,1,1,07,0000000000000200,000000002f077fe7,0
323,323,0,0080000154,0,0,07,0000000000000200,000000002f077fe8,0
324,324,0,0080000154,0,0,07,0000000000000200,000000002f077fe8,0
325,325,0,0080000158,1,1,08,0000000000001130,000000002f077fe8,0
326,326,0,0080000158,0,0,08,0000000000001130,000000002f077fe9,0
327,327,0,0080000158,0,0,08,0000000000001130,000000002f077fe9,0
328,328,0,008000015c,1,1,09,0000000000000001,000000002f077fe9,0
329,329,0,008000015c,0,0,09,0000000000000001,000000002f077fea,0
330,330,0,008000015c,0,0,09,0000000000000001,000000002f077fea,0
331,331,0,0080000160,1,1,0a,00000000000003e8,000000002f077fea,0
332,332,0,0080000160,0,0,0a,00000000000003e8,000000002f077feb,0
333,333,0,0080000160,0,0,0a,00000000000003e8,000000002f077feb,0
334,334,0,0080000164,1,1,0b,0000000000000000,000000002f077feb,0
335,335,0,0080000164,0,0,0b,0000000000000000,000000002f077fec,0
336,336,0,0080000164,0,0,0b,0000000000000000,000000002f077fec,0
337,337,0,0080000168,1,1,0c,0000000000000000,000000002f077fec,0
338,338,0,0080000168,0,0,0c,0000000000000000,000000002f077fed,0
339,339,0,0080000168,0,0,0c,0000000000000000,000000002f077fed,0
340,340,0,008000016c,1,1,0d,00000000004664d1,000000002f077fed,0
341,341,0,008000016c,0,0,0d,00000000004664d1,000000002f077fee,0
342,342,0,008000016c,0,0,0d,00000000004664d1,000000002f077fee,0
343,343,0,0080000170,1,1,0e,00000000000003e7,000000002f077fee,0
344,344,0,0080000170,0,0,0e,00000000000003e7,000000002f077fef,0
345,345,0,0080000170,0,0,0e,00000000000003e7,000000002f077fef,0
346,346,0,0080000174,1,1,0f,00000000004664d2,000000002f077fef,0
347,347,0,0080000174,0,0,0f,00000000004664d2,000000002f077ff0,0
348,348,0,0080000174,0,0,0f,00000000004664d2,000000002f077ff0,0
349,349,0,0080000178,1,1,10,0000000000000007,000000002f077ff0,0
350,350,0,0080000178,0,0,10,0000000000000007,000000002f077ff1,0
351,351,0,0080000178,0,0,10,0000000000000007,000000002f077ff1,0
352,352,0,008000017c,1,1,11,0000000000000001,000000002f077ff1,0
353,353,0,008000017c,0,0,11,0000000000000001,000000002f077ff2,0
354,354,0,008000017c,0,0,11,0000000000000001,000000002f077ff2,0
355,355,0,0080000180,1,1,12,0000000000000004,000000002f077ff2,0
356,356,0,0080000180,0,0,12,0000000000000004,000000002f077ff3,0
357,357,0,0080000180,0,0,12,0000000000000004,000000002f077ff3,0
358,358,0,0080000184,1,1,13,ffffffff800f0000,000000002f077ff3,0
359,359,0,0080000184,0,0,13,ffffffff800f0000,000000002f077ff4,0
360,360,0,0080000184,0,0,13,ffffffff800f0000,000000002f077ff4,0
361,361,0,0080000188,1,1,14,0000000000000000,000000002f077ff4,0
362,362,0,0080000188,0,0,14,0000000000000000,000000002f077ff5,0
363,363,0,0080000188,0,0,14,0000000000000000,000000002f077ff5,0
364,364,0,008000018c,1,1,15,ffffffff80113d10,000000002f077ff5,0
365,365,0,008000018c,0,0,15,ffffffff80113d10,000000002f077ff6,0
366,366,0,008000018c,0,0,15,ffffffff80113d10,000000002f077ff6,0
367,367,0,0080000190,1,1,16,00000000000011f8,000000002f077ff6,0
368,368,0,0080000190,0,0,16,00000000000011f8,000000002f077ff7,0
369,369,0,0080000190,0,0,16,00000000000011f8,000000002f077ff7,0
370,370,0,0080000194,1,1,17,ffffffff800cc000,000000002f077ff7,0
371,371,0,0080000194,0,0,17,ffffffff800cc000,000000002f077ff8,0
372,372,0,0080000194,0,0,17,ffffffff800cc000,000000002f077ff8,0
373,373,0,0080000198,1,1,18,0000000000000000,000000002f077ff8,0
374,374,0,0080000198,0,0,18,0000000000000000,000000002f077ff9,0
375,375,0,0080000198,0,0,18,0000000000000000,000000002f077ff9,0
376,376,0,008000019c,1,1,19,0000000000001ee0,000000002f077ff9,0
377,377,0,008000019c,0,0,19,0000000000001ee0,000000002f077ffa,0
378,378,0,008000019c,0,0,19,0000000000001ee0,000000002f077ffa,0
379,379,0,00800001a0,1,1,1a,ffffffff80118000,000000002f077ffa,0
380,380,0,00800001a0,0,0,1a,ffffffff80118000,000000002f077ffb,0
381,381,0,00800001a0,0,0,1a,ffffffff80118000,000000002f077ffb,0
382,382,0,00800001a4,1,1,1b,0000000000000000,000000002f077ffb,0
383,383,0,00800001a4,0,0,1b,0000000000000000,000000002f077ffc,0
384,384,0,00800001a4,0,0,1b,0000000000000000,000000002f077ffc,0
385,385,0,00800001a8,1,1,1c,0000000000000000,000000002f077ffc,0
386,386,0,00800001a8,0,0,1c,0000000000000000,000000002f077ffd,0
387,387,0,00800001a8,0,0,1c,0000000000000000,000000002f077ffd,0
388,388,0,00800001ac,1,1,1d,0000000000000000,000000002f077ffd,0
389,389,0,00800001ac,0,0,1d,0000000000000000,000000002f077ffe,0
390,390,0,00800001ac,0,0,1d,0000000000000000,000000002f077ffe,0
391,391,0,00800001b0,1,1,1e,6db6db6db6db6db7,000000002f077ffe,0
392,392,0,00800001b0,0,0,1e,6db6db6db6db6db7,000000002f077fff,0
393,393,0,00800001b0,0,0,1e,6db6db6db6db6db7,000000002f077fff,0
394,394,0,00800001b4,1,1,1f,ffffffff800f2654,000000002f077fff,0
395,395,0,00800001b4,0,0,1f,ffffffff800f2654,000000002f078000,0
396,396,0,00800001b4,0,0,1f,ffffffff800f2654,000000002f078000,0
397,397,0,00800001b8,1,1,02,ffffffff80113c70,000000002f078000,0
398,398,0,00800001bc,1,1,00,000000000000b109,000000002f078001,0
399,399,0,00800001c0,0,0,02,000000008000bdc0,000000002f078002,0
400,400,0,00800001c0,0,0,02,000000008000bdc0,000000002f078002,0
401,401,0,00800001c0,0,0,02,000000008000bdc0,000000002f078002,0
402,402,0,00800001c0,0,0,02,000000008000bdc0,000000002f078002,0
403,403,0,00800001c0,0,0,02,000000008000bdc0,000000002f078002,0
404,404,0,00800001c0,0,0,02,000000008000bdc0,000000002f078002,0
405,405,0,00800001c0,0,0,02,000000008000bdc0,000000002f078002,0
406,406,0,00800001c0,0,0,02,000000008000bdc0,000000002f078002,0
407,407,0,7f800ba344,1,1,0f,0000000000000001,000000002f078002,0
408,408,0,7f800ba344,0,0,0f,0000000000000001,000000002f078003,0
409,409,0,7f800ba346,1,0,00,ffffffff800ba34a,000000002f078003,0
410,410,0,7f800ba346,0,0,00,ffffffff800ba34a,000000002f078004,0
411,411,0,7f800ba346,0,0,00,ffffffff800ba34a,000000002f078004,0
412,412,0,7f800ba346,0,0,00,ffffffff800ba34a,000000002f078004,0
413,413,0,7f800ba346,0,0,00,ffffffff800ba34a,000000002f078004,0
414,414,0,7f800ba346,0,0,00,ffffffff800ba34a,000000002f078004,0
415,415,0,7f800ba346,0,0,00,ffffffff800ba34a,000000002f078004,0
416,416,0,7f800ba346,0,0,00,ffffffff800ba34a,000000002f078004,0
417,417,0,7f800ba346,0,0,00,ffffffff800ba34a,000000002f078004,0
418,418,0,7f800ba346,0,0,00,ffffffff800ba34a,000000002f078004,0
419,419,0,7f800ba346,0,0,00,ffffffff800ba34a,000000002f078004,0
420,420,0,7f800ba346,0,0,00,ffffffff800ba34a,000000002f078004,0
421,421,0,7f800ba346,0,0,00,ffffffff800ba34a,000000002f078004,0
422,422,0,7f800ba346,0,0,00,ffffffff800ba34a,000000002f078004,0
423,423,0,7f800ba346,0,0,00,ffffffff800ba34a,000000002f078004,0
424,424,0,7f800ba346,0,0,00,ffffffff800ba34a,000000002f078004,0
425,425,0,7f800ba346,0,0,00,ffffffff800ba34a,000000002f078004,0
426,426,0,7f800ba346,0,0,00,ffffffff800ba34a,000000002f078004,0
427,427,0,7f800ba346,0,0,00,ffffffff800ba34a,000000002f078004,0
428,428,0,7f800ba346,0,0,00,ffffffff800ba34a,000000002f078004,0
429,429,0,7f800ba346,0,0,00,ffffffff800ba34a,000000002f078004,0
430,430,0,7f800ba346,0,0,00,ffffffff800ba34a,000000002f078004,0
431,431,0,7f800ba346,0,0,00,ffffffff800ba34a,000000002f078004,0
432,432,0,7f800ba346,0,0,00,ffffffff800ba34a,000000002f078004,0
433,433,0,7f800ba346,0,0,00,ffffffff800ba34a,000000002f078004,0
434,434,0,7f800ba346,0,0,00,ffffffff800ba34a,000000002f078004,0
435,435,0,7f800ba346,0,0,00,ffffffff800ba34a,000000002f078004,0
436,436,0,7f800ba346,0,0,00,ffffffff800ba34a,000000002f078004,0
437,437,0,7f800ba346,0,0,00,ffffffff800ba34a,000000002f078004,0
438,438,0,7f800ba346,0,0,00,ffffffff800ba34a,000000002f078004,0
439,439,0,7f800ba346,0,0,00,ffffffff800ba34a,000000002f078004,0
440,440,0,7f800ba346,0,0,00,ffffffff800ba34a,000000002f078004,0
441,441,0,7f800ba346,0,0,00,ffffffff800ba34a,000000002f078004,0
442,442,0,7f800ba346,0,0,00,ffffffff800ba34a,000000002f078004,0
443,443,0,7f800ba346,0,0,00,ffffffff800ba34a,000000002f078004,0
444,444,0,7f800ba346,0,0,00,ffffffff800ba34a,000000002f078004,0
445,445,0,7f800ba346,0,0,00,ffffffff800ba34a,000000002f078004,0
446,446,0,7f800ba346,0,0,00,ffffffff800ba34a,000000002f078004,0
447,447,0,7f800ba346,0,0,00,ffffffff800ba34a,000000002f078004,0
448,448,0,7f800ba346,0,0,00,ffffffff800ba34a,000000002f078004,0
449,449,0,7f800ba346,0,0,00,ffffffff800ba34a,000000002f078004,0
450,450,0,7f800ba346,0,0,00,ffffffff800ba34a,000000002f078004,0
451,451,0,7f800ba346,0,0,00,ffffffff800ba34a,000000002f078004,0
452,452,0,7f800ba346,0,0,00,ffffffff800ba34a,000000002f078004,0
453,453,0,7f800ba346,0,0,00,ffffffff800ba34a,000000002f078004,0
454,454,0,7f800ba346,0,0,00,ffffffff800ba34a,000000002f078004,0
455,455,0,7f800ba346,0,0,00,ffffffff800ba34a,000000002f078004,0
456,456,0,7f800ba346,0,0,00,ffffffff800ba34a,000000002f078004,0
457,457,0,7f800ba346,0,0,00,ffffffff800ba34a,000000002f078004,0
458,458,0,7f800ba346,0,0,00,ffffffff800ba34a,000000002f078004,0
459,459,0,7f800ba346,0,0,00,ffffffff800ba34a,000000002f078004,0
460,460,0,7f800ba346,0,0,00,ffffffff800ba34a,000000002f078004,0
461,461,0,7f800ba346,0,0,00,ffffffff800ba34a,000000002f078004,0
462,462,0,7f800ba346,0,0,00,ffffffff800ba34a,000000002f078004,0
463,463,0,7f800ba346,0,0,00,ffffffff800ba34a,000000002f078004,0
464,464,0,7f800ba346,0,0,00,ffffffff800ba34a,000000002f078004,0
465,465,0,7f800ba346,0,0,00,ffffffff800ba34a,000000002f078004,0
466,466,0,7f800ba346,0,0,00,ffffffff800ba34a,000000002f078004,0
467,467,0,7f800ba346,0,0,00,ffffffff800ba34a,000000002f078004,0
468,468,0,7f800ba346,0,0,00,ffffffff800ba34a,000000002f078004,0
469,469,0,7f800ba346,0,0,00,ffffffff800ba34a,000000002f078004,0
470,470,0,7f800ba346,0,0,00,ffffffff800ba34a,000000002f078004,0
471,471,0,7f800ba346,0,0,00,ffffffff800ba34a,000000002f078004,0
472,472,0,7f800ba346,0,0,00,ffffffff800ba34a,000000002f078004,0
473,473,0,7f800ba346,0,0,00,ffffffff800ba34a,000000002f078004,0
474,474,0,7f800ba346,0,0,00,ffffffff800ba34a,000000002f078004,0
475,475,0,7f800ba346,0,0,00,ffffffff800ba34a,000000002f078004,0
476,476,0,7f800ba346,0,0,00,ffffffff800ba34a,000000002f078004,0
477,477,0,7f800ba34a,1,1,0f,ffffffffffffffff,000000002f078004,0
478,478,0,7f800ba34e,1,0,0f,0000000000000000,000000002f078005,0
479,479,0,7f800ba34e,0,0,0f,0000000000000000,000000002f078006,0
480,480,0,7f800ba34e,0,0,0f,0000000000000000,000000002f078006,0
481,481,0,7f800ba34e,0,0,0f,0000000000000000,000000002f078006,0
482,482,0,7f800ba34e,0,0,0f,0000000000000000,000000002f078006,0
483,483,0,7f800ba34e,0,0,0f,0000000000000000,000000002f078006,0
484,484,0,7f800ba34e,0,0,0f,0000000000000000,000000002f078006,0
485,485,0,7f800ba34e,0,0,0f,0000000000000000,000000002f078006,0
486,486,0,0080000004,1,1,02,000000008000bdc0,000000002f078006,0
487,487,0,0080000004,0,0,02,000000008000bdc0,000000002f078007,0
488,488,0,0080000008,1,0,00,000000008000000c,000000002f078007,0
489,489,0,0080000008,0,0,00,000000008000000c,000000002f078008,0
490,490,0,0080000008,0,0,00,000000008000000c,000000002f078008,0
491,491,0,008000000c,1,0,00,00000000000003e8,000000002f078008,0
492,492,0,008000000c,0,0,00,00000000000003e8,000000002f078009,0
493,493,0,008000000c,0,0,00,00000000000003e8,000000002f078009,0
494,494,0,0080000010,1,0,00,0000000000000000,000000002f078009,0
495,495,0,0080000014,1,1,0b,0000000000000002,000000002f07800a,0
496,496,0,0080000014,0,0,0b,0000000000000002,000000002f07800b,0
497,497,0,0080000018,1,0,00,000000008000001c,000000002f07800b,0
498,498,0,0080000018,0,0,00,000000008000001c,000000002f07800c,0
499,499,0,0080000018,0,0,00,000000008000001c,000000002f07800c,0
500,500,0,008000009c,1,0,00,ffffffff80019d2c,000000002f07800c,0
501,501,0,008000009c,0,0,00,ffffffff80019d2c,000000002f07800d,0
502,502,0,008000009c,0,0,00,ffffffff80019d2c,000000002f07800d,0
503,503,0,00800000a0,1,0,00,ffffffff800ea868,000000002f07800d,0
504,504,0,00800000a0,0,0,00,ffffffff800ea868,000000002f07800e,0
505,505,0,00800000a0,0,0,00,ffffffff800ea868,000000002f07800e,0
506,506,0,00800000a4,1,0,00,ffffffff80118000,000000002f07800e,0
507,507,0,00800000a4,0,0,00,ffffffff80118000,000000002f07800f,0
508,508,0,00800000a4,0,0,00,ffffffff80118000,000000002f07800f,0
509,509,0,00800000a8,1,0,00,ffffffff800f5e48,000000002f07800f,0
510,510,0,00800000ac,1,1,05,00000000800090ac,000000002f078010,0
511,511,0,00800000ac,0,0,05,00000000800090ac,000000002f078011,0
512,512,1,00800000ac,0,0,05,00000000800090ac,000000002f078011,0
513,513,0,00800000b0,1,0,00,0000000000000038,000000002f078011,0
514,514,0,00800000b4,1,1,06,0000000000000010,000000002f078012,0
515,515,0,00800000b4,0,0,06,0000000000000010,000000002f078013,0
516,516,0,00800000b4,0,0,06,0000000000000010,000000002f078013,0
517,517,0,00800000b8,1,0,00,0000000000000200,000000002f078013,0
518,518,0,00800000bc,1,1,06,00000000800090bc,000000002f078014,0
519,519,0,00800000bc,0,0,06,00000000800090bc,000000002f078015,0
520,520,0,00800000bc,0,0,06,00000000800090bc,000000002f078015,0
521,521,0,00800000c0,1,0,00,0000000000001130,000000002f078015,0
522,522,0,00800000c0,0,0,00,0000000000001130,000000002f078016,0
523,523,0,00800000c0,0,0,00,0000000000001130,000000002f078016,0
524,524,0,00800000c4,1,1,06,0000000080002b42,000000002f078016,0
525,525,0,00800000c4,0,0,06,0000000080002b42,000000002f078017,0
526,526,0,00800000c4,0,0,06,0000000080002b42,000000002f078017,0
527,527,0,00800000c8,1,0,00,0000000000000001,000000002f078017,0
528,528,0,00800000cc,1,1,0a,000000008000bdc0,000000002f078018,0
529,529,0,00800000cc,0,0,0a,000000008000bdc0,000000002f078019,0
530,530,0,00800000cc,0,0,0a,000000008000bdc0,000000002f078019,0
531,531,0,00800000d0,1,0,00,0000000000000000,000000002f078019,0
532,532,0,00800000d4,1,1,0c,ffffffff800ba34e,000000002f07801a,0
533,533,0,00800000d4,0,0,0c,ffffffff800ba34e,000000002f07801b,0
534,534,0,00800000d4,0,0,0c,ffffffff800ba34e,000000002f07801b,0
535,535,0,00800000d8,1,0,00,00000000004664d1,000000002f07801b,0
536,536,0,00800000dc,1,1,05,ffffffff80113c70,000000002f07801c,0
537,537,0,00800000dc,0,0,05,ffffffff80113c70,000000002f07801d,0
538,538,0,00800000dc,0,0,05,ffffffff80113c70,000000002f07801d,0
539,539,0,00800000e0,1,0,00,00000000000003e7,000000002f07801d,0
540,540,0,00800000e0,0,0,00,00000000000003e7,000000002f07801e,0
541,541,0,00800000e0,0,0,00,00000000000003e7,000000002f07801e,0
542,542,0,00800000e4,1,0,00,00000000004664d2,000000002f07801e,0
543,543,0,00800000e4,0,0,00,00000000004664d2,000000002f07801f,0
544,544,0,00800000e4,0,0,00,00000000004664d2,000000002f07801f,0
545,545,0,00800000e8,1,0,00,0000000000000007,000000002f07801f,0
546,546,0,00800000e8,0,0,00,0000000000000007,000000002f078020,0
547,547,0,00800000e8,0,0,00,0000000000000007,000000002f078020,0
548,548,0,00800000ec,1,0,00,0000000000000001,000000002f078020,0
549,549,0,00800000ec,0,0,00,0000000000000001,000000002f078021,0
550,550,0,00800000ec,0,0,00,0000000000000001,000000002f078021,0
551,551,0,00800000f0,1,0,00,0000000000000004,000000002f078021,0
552,552,0,00800000f0,0,0,00,0000000000000004,000000002f078022,0
553,553,0,00800000f0,0,0,00,0000000000000004,000000002f078022,0
554,554,0,00800000f4,1,0,00,ffffffff800f0000,000000002f078022,0
555,555,0,00800000f4,0,0,00,ffffffff800f0000,000000002f078023,0
556,556,0,00800000f4,0,0,00,ffffffff800f0000,000000002f078023,0
557,557,0,00800000f8,1,0,00,0000000000000000,000000002f078023,0
558,558,0,00800000f8,0,0,00,0000000000000000,000000002f078024,0
559,559,0,00800000f8,0,0,00,0000000000000000,000000002f078024,0
560,560,0,00800000fc,1,0,00,ffffffff80113d10,000000002f078024,0
561,561,0,00800000fc,0,0,00,ffffffff80113d10,000000002f078025,0
562,562,0,00800000fc,0,0,00,ffffffff80113d10,000000002f078025,0
563,563,0,0080000100,1,0,00,00000000000011f8,000000002f078025,0
564,564,0,0080000100,0,0,00,00000000000011f8,000000002f078026,0
565,565,0,0080000100,0,0,00,00000000000011f8,000000002f078026,0
566,566,0,0080000104,1,0,00,ffffffff800cc000,000000002f078026,0
567,567,0,0080000104,0,0,00,ffffffff800cc000,000000002f078027,0
568,568,0,0080000104,0,0,00,ffffffff800cc000,000000002f078027,0
569,569,0,0080000108,1,0,00,0000000000000000,000000002f078027,0
570,570,0,0080000108,0,0,00,0000000000000000,000000002f078028,0
571,571,0,0080000108,0,0,00,0000000000000000,000000002f078028,0
572,572,0,008000010c,1,0,00,0000000000001ee0,000000002f078028,0
573,573,0,008000010c,0,0,00,0000000000001ee0,000000002f078029,0
574,574,0,008000010c,0,0,00,0000000000001ee0,000000002f078029,0
575,575,0,0080000110,1,0,00,ffffffff80118000,000000002f078029,0
576,576,0,0080000110,0,0,00,ffffffff80118000,000000002f07802a,0
577,577,0,0080000110,0,0,00,ffffffff80118000,000000002f07802a,0
578,578,0,0080000114,1,0,00,0000000000000000,000000002f07802a,0
579,579,0,0080000114,0,0,00,0000000000000000,000000002f07802b,0
580,580,0,0080000114,0,0,00,0000000000000000,000000002f07802b,0
581,581,0,0080000118,1,0,00,0000000000000000,000000002f07802b,0
582,582,0,0080000118,0,0,00,0000000000000000,000000002f07802c,0
583,583,0,0080000118,0,0,00,0000000000000000,000000002f07802c,0
584,584,0,008000011c,1,0,00,0000000000000000,000000002f07802c,0
585,585,0,008000011c,0,0,00,0000000000000000,000000002f07802d,0
586,586,0,008000011c,0,0,00,0000000000000000,000000002f07802d,0
587,587,0,0080000120,1,0,00,6db6db6db6db6db7,000000002f07802d,0
588,588,0,0080000120,0,0,00,6db6db6db6db6db7,000000002f07802e,0
589,589,0,0080000120,0,0,00,6db6db6db6db6db7,000000002f07802e,0
590,590,0,0080000124,1,0,00,ffffffff800f2654,000000002f07802e,0
591,591,0,0080000124,0,0,00,ffffffff800f2654,000000002f07802f,0
592,592,0,0080000124,0,0,00,ffffffff800f2654,000000002f07802f,0
593,593,0,0080000128,1,0,00,ffffffff80113c70,000000002f07802f,0
594,594,0,0080000128,0,0,00,ffffffff80113c70,000000002f078030,0
595,595,0,0080000128,0,0,00,ffffffff80113c70,000000002f078030,0
596,596,0,0080000128,0,0,00,ffffffff80113c70,000000002f078030,0
597,597,0,008000012c,1,1,04,0000000000000000,000000002f078030,0
598,598,0,008000012c,0,0,04,0000000000000000,000000002f078031,0
599,599,0,008000012c,0,0,04,0000000000000000,000000002f078031,0
600,600,0,0080000130,1,0,00,0000000000000000,000000002f078031,0
601,601,0,0080000134,1,1,01,0000000080000138,000000002f078032,0
602,602,0,0080000134,0,0,01,0000000080000138,000000002f078033,0
603,603,0,0080000134,0,0,01,0000000080000138,000000002f078033,0
604,604,0,0080000134,0,0,01,0000000080000138,000000002f078033,0
605,605,0,0080000134,0,0,01,0000000080000138,000000002f078033,0
606,606,0,0080000134,0,0,01,0000000080000138,000000002f078033,0
607,607,0,0080000134,0,0,01,0000000080000138,000000002f078033,0
608,608,0,0080000134,0,0,01,0000000080000138,000000002f078033,0
609,609,0,0080002b42,1,1,1c,0000000000000002,000000002f078033,0
610,610,0,0080002b44,1,1,0f,ffffffff800ba34e,000000002f078034,0
611,611,0,0080002b44,0,0,0f,ffffffff800ba34e,000000002f078035,0
612,612,0,0080002b46,1,1,11,0000000000000822,000000002f078035,0
613,613,0,0080002b4a,1,1,0e,0000000000000000,000000002f078036,0
614,614,0,0080002b4e,1,1,10,0000000000000003,000000002f078037,0
615,615,0,0080002b50,1,1,06,0000000000000000,000000002f078038,0
616,616,0,0080002b54,1,0,00,0000000080002b58,000000002f078039,0
617,617,0,0080002b7c,1,0,00,0000000080002b7e,000000002f07803a,0
618,618,0,0080002bec,1,1,0b,00000000000a0000,000000002f07803b,0
619,619,0,0080002bf0,1,1,0d,0000000000000822,000000002f07803c,0
620,620,0,0080002bf4,1,1,11,0000000000000002,000000002f07803d,0
621,621,0,0080002bf8,1,0,00,0000000080002bfc,000000002f07803e,0
622,622,0,0080002bf8,0,0,00,0000000080002bfc,000000002f07803f,0
623,623,0,0080002bf8,0,0,00,0000000080002bfc,000000002f07803f,0
624,624,0,0080002bf8,0,0,00,0000000080002bfc,000000002f07803f,0
625,625,0,0080002bf8,0,0,00,0000000080002bfc,000000002f07803f,0
626,626,0,0080002bf8,0,0,00,0000000080002bfc,000000002f07803f,0
627,627,0,0080002bf8,0,0,00,0000000080002bfc,000000002f07803f,0
628,628,0,0080002bf8,0,0,00,0000000080002bfc,000000002f07803f,0
629,629,0,0080002bf8,0,0,00,0000000080002bfc,000000002f07803f,0
630,630,0,0080002bf8,0,0,00,0000000080002bfc,000000002f07803f,0
631,631,0,0080002bf8,0,0,00,0000000080002bfc,000000002f07803f,0
632,632,0,0080002bf8,0,0,00,0000000080002bfc,000000002f07803f,0
633,633,0,0080002bf8,0,0,00,0000000080002bfc,000000002f07803f,0
634,634,0,0080002bf8,0,0,00,0000000080002bfc,000000002f07803f,0
635,635,0,0080002c0e,1,1,0e,00000000000027f3,000000002f07803f,0
636,636,0,0080002c12,1,1,11,0000000000000003,000000002f078040,0
637,637,0,0080002c16,1,0,00,0000000080002c1a,000000002f078041,0
638,638,0,0080002c16,0,0,00,0000000080002c1a,000000002f078042,0
639,639,0,0080002c16,0,0,00,0000000080002c1a,000000002f078042,0
640,640,0,0080002c16,0,0,00,0000000080002c1a,000000002f078042,0
641,641,0,0080002c16,0,0,00,0000000080002c1a,000000002f078042,0
642,642,0,0080002c16,0,0,00,0000000080002c1a,000000002f078042,0
643,643,0,0080002c1a,1,1,11,000000000000c010,000000002f078042,0
644,644,0,0080002c1e,1,1,11,00000000c0100000,000000002f078043,0
645,645,0,0080002c20,1,1,0e,00000000c01027f3,000000002f078044,0
646,646,0,0080002c22,1,1,00,00000000000a0822,000000002f078045,0
647,647,0,0080002c26,1,1,0c,0000000000000003,000000002f078046,0
648,648,0,0080002c2a,1,1,11,0000000000000822,000000002f078047,0
649,649,0,0080002c2c,1,0,00,0000000080002c30,000000002f078048,0
650,650,0,0080002b58,1,1,0d,ffffffff800ba352,000000002f078049,0
651,651,0,0080002b5c,1,1,00,ffffffff800ba34e,000000002f07804a,0
652,652,0,0080002b60,1,1,10,0000000080006b60,000000002f07804b,0
653,653,0,0080002b64,1,1,10,00000000800069c8,000000002f07804c,0
654,654,0,0080002b68,1,1,0c,0000000000000070,000000002f07804d,0
655,655,0,0080002b6c,1,1,0c,0000000080006a38,000000002f07804e,0
656,656,0,0080002b6c,0,0,0c,0000000080006a38,000000002f07804f,0
657,657,0,0080002b6c,0,0,0c,0000000080006a38,000000002f07804f,0
658,658,0,0080002b6c,0,0,0c,0000000080006a38,000000002f07804f,0
659,659,0,0080002b6c,0,0,0c,0000000080006a38,000000002f07804f,0
660,660,0,0080002b6e,1,1,06,ffffffffffffc346,000000002f07804f,0
661,661,0,0080002b72,1,1,0d,0000000000000822,000000002f078050,0
662,662,0,0080002b74,1,1,0c,ffffffff800ba34e,000000002f078051,0
663,663,0,0080002b76,1,1,06,0000000080002d0e,000000002f078052,0
664,664,0,0080002b78,1,1,0b,0000000000000002,000000002f078053,0
665,665,0,0080002b7a,1,1,00,0000000080002b7c,000000002f078054,0
666,666,0,0080002d0e,1,1,11,0000000000002000,000000002f078055,0
667,667,0,0080002d10,1,1,0b,0000000000000822,000000002f078056,0
668,668,0,0080002d12,1,1,10,00000000000c0102,000000002f078057,0
669,669,0,0080002d12,0,0,10,00000000000c0102,000000002f078058,0
670,670,0,0080002d16,1,1,11,0000000000001800,000000002f078058,0
671,671,0,0080002d1a,1,1,0d,000000008000bdc0,000000002f078059,0
672,672,0,0080002d1c,1,1,1c,0000000000018020,000000002f07805a,0
673,673,0,0080002d20,1,1,0f,0000000000000000,000000002f07805b,0
674,674,0,0080002d24,1,1,11,0000000000000800,000000002f07805c,0
675,675,0,0080002d28,1,1,06,00000000000007ff,000000002f07805d,0
676,676,0,0080002d2c,1,1,1d,0000000000000000,000000002f07805e,0
677,677,0,0080002d30,1,1,0a,ffffffff800ba34e,000000002f07805f,0
678,678,0,0080002d32,1,1,1c,000000008000bdc0,000000002f078060,0
679,679,0,0080002d32,0,0,1c,000000008000bdc0,000000002f078061,0
680,680,0,0080002d36,1,1,0f,0000000000000c01,000000002f078061,0
681,681,0,0080002d3a,1,0,00,0000000080002d3e,000000002f078062,0
682,682,0,0080002de6,1,1,11,0000000000001000,000000002f078063,0
683,683,0,0080002de8,1,1,0c,0000000000000b03,000000002f078064,0
684,684,0,0080002dec,1,0,00,0000000080002df0,000000002f078065,0
685,685,0,0080002df0,1,0,00,0000000080002df4,000000002f078066,0
686,686,0,0080002df4,1,1,0c,0000000000000c01,000000002f078067,0
687,687,0,0080002df8,1,0,00,0000000080002dfc,000000002f078068,0
688,688,0,0080002dfc,0,0,00,0000000080002e00,000000002f078069,0
689,689,0,0080002dfc,0,0,00,0000000080002e00,000000002f078069,0
690,690,0,0080002dfc,0,0,00,0000000080002e00,000000002f078069,0
691,691,0,0080002dfc,0,0,00,0000000080002e00,000000002f078069,0
692,692,0,0080002dfc,0,0,00,0000000080002e00,000000002f078069,0
693,693,0,0080002dfc,0,0,00,0000000080002e00,000000002f078069,0
694,694,0,0080002dfc,0,0,00,0000000080002e00,000000002f078069,0
695,695,0,0080002dfc,0,0,00,0000000080002e00,000000002f078069,0
696,696,0,0080002efe,1,1,0c,0000000080012efe,000000002f078069,0
697,697,0,0080002efe,0,0,0c,0000000080012efe,000000002f07806a,0
698,698,0,0080002efe,0,0,0c,0000000080012efe,000000002f07806a,0
699,699,0,0080002f02,1,1,0c,000000003800bff8,000000002f07806a,0
700,700,0,0080002f02,0,0,0c,000000003800bff8,000000002f07806b,0
701,701,0,0080002f02,0,0,0c,000000003800bff8,000000002f07806b,0
702,702,0,0080002f02,0,0,0c,000000003800bff8,000000002f07806b,0
703,703,0,0080002f02,0,0,0c,000000003800bff8,000000002f07806b,0
704,704,0,0080002f02,0,0,0c,000000003800bff8,000000002f07806b,0
705,705,0,0080002f02,0,0,0c,000000003800bff8,000000002f07806b,0
706,706,0,0080002f06,1,1,1e,00000000004664d3,000000002f07806b,0
707,707,0,0080002f0a,1,1,00,0000000080002f0c,000000002f07806c,0
708,708,0,0080002d6e,1,1,10,0000000000000002,000000002f07806d,0
709,709,0,0080002d72,1,1,06,0000000080006d72,000000002f07806e,0
710,710,0,0080002d76,1,1,06,0000000080006a48,000000002f07806f,0
711,711,0,0080002d7a,1,1,10,0000000000000008,000000002f078070,0
712,712,0,0080002d7c,1,1,10,0000000080006a50,000000002f078071,0
713,713,0,0080002d7c,0,0,10,0000000080006a50,000000002f078072,0
714,714,0,0080002d7c,0,0,10,0000000080006a50,000000002f078072,0
715,715,0,0080002d7c,0,0,10,0000000080006a50,000000002f078072,0
716,716,0,0080002d7c,0,0,10,0000000080006a50,000000002f078072,0
717,717,0,0080002d7e,1,1,0c,ffffffffffffc472,000000002f078072,0
718,718,0,0080002d7e,0,0,0c,ffffffffffffc472,000000002f078073,0
719,719,0,0080002d7e,0,0,0c,ffffffffffffc472,000000002f078073,0
720,720,0,0080002d82,1,1,11,0000000000000000,000000002f078073,0
721,721,0,0080002d86,1,1,0c,0000000080002eba,000000002f078074,0
722,722,0,0080002d88,1,1,00,0000000080002d8a,000000002f078075,0
723,723,0,0080002d8a,0,0,0c,fffffffffffffc01,000000002f078076,0
724,724,0,0080002d8a,0,0,0c,fffffffffffffc01,000000002f078076,0
725,725,0,0080002d8a,0,0,0c,fffffffffffffc01,000000002f078076,0
726,726,0,0080002d8a,0,0,0c,fffffffffffffc01,000000002f078076,0
727,727,0,0080002d8a,0,0,0c,fffffffffffffc01,000000002f078076,0
728,728,0,0080002d8a,0,0,0c,fffffffffffffc01,000000002f078076,0
729,729,0,0080002d8a,0,0,0c,fffffffffffffc01,000000002f078076,0
730,730,0,0080002eba,1,1,11,00000000004664d3,000000002f078076,0
731,731,0,0080002eba,0,0,11,00000000004664d3,000000002f078077,0
732,732,0,0080002ebe,1,0,00,0000000080002ec2,000000002f078077,0
733,733,0,0080002ec2,1,1,0e,000000000c01027f,000000002f078078,0
734,734,0,0080002ec4,1,1,0e,0000000000000078,000000002f078079,0
735,735,0,0080002ec8,1,1,0d,000000008000be38,000000002f07807a,0
736,736,0,0080002ec8,0,0,0d,000000008000be38,000000002f07807b,0
737,737,0,0080002ec8,0,0,0d,000000008000be38,000000002f07807b,0
738,738,0,0080002eca,1,0,00,ffffffffffffffff,000000002f07807b,0
739,739,0,0080002ece,1,1,00,0000000080002ed0,000000002f07807c,0
740,740,0,0080002ece,0,0,00,0000000080002ed0,000000002f07807d,0
741,741,0,0080002ece,0,0,00,0000000080002ed0,000000002f07807d,0
742,742,0,0080000138,1,0,00,0000000000000000,000000002f07807d,0
743,743,0,008000013c,1,1,00,0000000000000000,000000002f07807e,0
744,744,0,008000013c,0,0,00,0000000000000000,000000002f07807f,0
745,745,0,008000013c,0,0,00,0000000000000000,000000002f07807f,0
746,746,0,0080000140,1,1,01,ffffffff80019d2c,000000002f07807f,0
747,747,0,0080000140,0,0,01,ffffffff80019d2c,000000002f078080,0
748,748,0,0080000140,0,0,01,ffffffff80019d2c,000000002f078080,0
749,749,0,0080000144,1,1,03,ffffffff800ea868,000000002f078080,0
750,750,0,0080000144,0,0,03,ffffffff800ea868,000000002f078081,0
751,751,0,0080000144,0,0,03,ffffffff800ea868,000000002f078081,0
752,752,0,0080000148,1,1,04,ffffffff80118000,000000002f078081,0
753,753,0,0080000148,0,0,04,ffffffff80118000,000000002f078082,0
754,754,0,0080000148,0,0,04,ffffffff80118000,000000002f078082,0
755,755,0,008000014c,1,1,05,ffffffff800f5e48,000000002f078082,0
756,756,0,008000014c,0,0,05,ffffffff800f5e48,000000002f078083,0
757,757,0,008000014c,0,0,05,ffffffff800f5e48,000000002f078083,0
758,758,0,0080000150,1,1,06,0000000000000038,000000002f078083,0
759,759,0,0080000150,0,0,06,0000000000000038,000000002f078084,0
760,760,0,0080000150,0,0,06,0000000000000038,000000002f078084,0
761,761,0,0080000154,1,1,07,0000000000000200,000000002f078084,0
762,762,0,0080000154,0,0,07,0000000000000200,000000002f078085,0
763,763,0,0080000154,0,0,07,0000000000000200,000000002f078085,0
764,764,0,0080000158,1,1,08,0000000000001130,000000002f078085,0
765,765,0,0080000158,0,0,08,0000000000001130,000000002f078086,0
766,766,0,0080000158,0,0,08,0000000000001130,000000002f078086,0
767,767,0,008000015c,1,1,09,0000000000000001,000000002f078086,0
768,768,0,008000015c,0,0,09,0000000000000001,000000002f078087,0
769,769,0,008000015c,0,0,09,0000000000000001,000000002f078087,0
770,770,0,0080000160,1,1,0a,00000000000003e8,000000002f078087,0
771,771,0,0080000160,0,0,0a,00000000000003e8,000000002f078088,0
772,772,0,0080000160,0,0,0a,00000000000003e8,000000002f078088,0
773,773,0,0080000164,1,1,0b,0000000000000000,000000002f078088,0
774,774,0,0080000164,0,0,0b,0000000000000000,000000002f078089,0
775,775,0,0080000164,0,0,0b,0000000000000000,000000002f078089,0
776,776,0,0080000168,1,1,0c,0000000000000000,000000002f078089,0
777,777,0,0080000168,0,0,0c,0000000000000000,000000002f07808a,0
778,778,0,0080000168,0,0,0c,0000000000000000,000000002f07808a,0
779,779,0,008000016c,1,1,0d,00000000004664d1,000000002f07808a,0
780,780,0,008000016c,0,0,0d,00000000004664d1,000000002f07808b,0
781,781,0,008000016c,0,0,0d,00000000004664d1,000000002f07808b,0
782,782,0,0080000170,1,1,0e,00000000000003e7,000000002f07808b,0
783,783,0,0080000170,0,0,0e,00000000000003e7,000000002f07808c,0
784,784,0,0080000170,0,0,0e,00000000000003e7,000000002f07808c,0
785,785,0,0080000174,1,1,0f,00000000004664d3,000000002f07808c,0
786,786,0,0080000174,0,0,0f,00000000004664d3,000000002f07808d,0
787,787,0,0080000174,0,0,0f,00000000004664d3,000000002f07808d,0
788,788,0,0080000178,1,1,10,0000000000000007,000000002f07808d,0
789,789,0,0080000178,0,0,10,0000000000000007,000000002f07808e,0
790,790,0,0080000178,0,0,10,0000000000000007,000000002f07808e,0
791,791,0,008000017c,1,1,11,0000000000000001,000000002f07808e,0
792,792,0,008000017c,0,0,11,0000000000000001,000000002f07808f,0
793,793,0,008000017c,0,0,11,0000000000000001,000000002f07808f,0
794,794,0,0080000180,1,1,12,0000000000000004,000000002f07808f,0
795,795,0,0080000180,0,0,12,0000000000000004,000000002f078090,0
796,796,0,0080000180,0,0,12,0000000000000004,000000002f078090,0
797,797,0,0080000184,1,1,13,ffffffff800f0000,000000002f078090,0
798,798,0,0080000184,0,0,13,ffffffff800f0000,000000002f078091,0
799,799,0,0080000184,0,0,13,ffffffff800f0000,000000002f078091,0
800,800,0,0080000188,1,1,14,0000000000000000,000000002f078091,0
801,801,0,0080000188,0,0,14,0000000000000000,000000002f078092,0
802,802,0,0080000188,0,0,14,0000000000000000,000000002f078092,0
803,803,0,008000018c,1,1,15,ffffffff80113d10,000000002f078092,0
804,804,0,008000018c,0,0,15,ffffffff80113d10,000000002f078093,0
805,805,0,008000018c,0,0,15,ffffffff80113d10,000000002f078093,0
806,806,0,0080000190,1,1,16,00000000000011f8,000000002f078093,0
807,807,0,0080000190,0,0,16,00000000000011f8,000000002f078094,0
808,808,0,0080000190,0,0,16,00000000000011f8,000000002f078094,0
809,809,0,0080000194,1,1,17,ffffffff800cc000,000000002f078094,0
810,810,0,0080000194,0,0,17,ffffffff800cc000,000000002f078095,0
811,811,0,0080000194,0,0,17,ffffffff800cc000,000000002f078095,0
812,812,0,0080000198,1,1,18,0000000000000000,000000002f078095,0
813,813,0,0080000198,0,0,18,0000000000000000,000000002f078096,0
814,814,0,0080000198,0,0,18,0000000000000000,000000002f078096,0
815,815,0,008000019c,1,1,19,0000000000001ee0,000000002f078096,0
816,816,0,008000019c,0,0,19,0000000000001ee0,000000002f078097,0
817,817,0,008000019c,0,0,19,0000000000001ee0,000000002f078097,0
818,818,0,00800001a0,1,1,1a,ffffffff80118000,000000002f078097,0
819,819,0,00800001a0,0,0,1a,ffffffff80118000,000000002f078098,0
820,820,0,00800001a0,0,0,1a,ffffffff80118000,000000002f078098,0
821,821,0,00800001a4,1,1,1b,0000000000000000,000000002f078098,0
822,822,0,00800001a4,0,0,1b,0000000000000000,000000002f078099,0
823,823,0,00800001a4,0,0,1b,0000000000000000,000000002f078099,0
824,824,0,00800001a8,1,1,1c,0000000000000000,000000002f078099,0
825,825,0,00800001a8,0,0,1c,0000000000000000,000000002f07809a,0
826,826,0,00800001a8,0,0,1c,0000000000000000,000000002f07809a,0
827,827,0,00800001ac,1,1,1d,0000000000000000,000000002f07809a,0
828,828,0,00800001ac,0,0,1d,0000000000000000,000000002f07809b,0
829,829,0,00800001ac,0,0,1d,0000000000000000,000000002f07809b,0
830,830,0,00800001b0,1,1,1e,6db6db6db6db6db7,000000002f07809b,0
831,831,0,00800001b0,0,0,1e,6db6db6db6db6db7,000000002f07809c,0
832,832,0,00800001b0,0,0,1e,6db6db6db6db6db7,000000002f07809c,0
833,833,0,00800001b4,1,1,1f,ffffffff800f2654,000000002f07809c,0
834,834,0,00800001b4,0,0,1f,ffffffff800f2654,000000002f07809d,0
835,835,0,00800001b4,0,0,1f,ffffffff800f2654,000000002f07809d,0
836,836,0,00800001b8,1,1,02,ffffffff80113c70,000000002f07809d,0
837,837,0,00800001bc,1,1,00,000000000000b109,000000002f07809e,0
838,838,0,00800001c0,0,0,02,000000008000bdc0,000000002f07809f,0
839,839,0,00800001c0,0,0,02,000000008000bdc0,000000002f07809f,0
840,840,0,00800001c0,0,0,02,000000008000bdc0,000000002f07809f,0
841,841,0,00800001c0,0,0,02,000000008000bdc0,000000002f07809f,0
842,842,0,00800001c0,0,0,02,000000008000bdc0,000000002f07809f,0
843,843,0,00800001c0,0,0,02,000000008000bdc0,000000002f07809f,0
844,844,0,00800001c0,0,0,02,000000008000bdc0,000000002f07809f,0
845,845,0,00800001c0,0,0,02,000000008000bdc0,000000002f07809f,0
846,846,0,7f800ba352,1,1,0f,0000000000000002,000000002f07809f,0
847,847,0,7f800ba354,1,0,00,ffffffff800ba358,000000002f0780a0,0
848,848,0,7f800ba358,0,0,00,ffffffff800ba35a,000000002f0780a1,0
849,849,0,7f800ba358,0,0,00,ffffffff800ba35a,000000002f0780a1,0
850,850,0,7f800ba358,0,0,00,ffffffff800ba35a,000000002f0780a1,0
851,851,0,7f800ba358,0,0,00,ffffffff800ba35a,000000002f0780a1,0
852,852,0,7f800ba358,0,0,00,ffffffff800ba35a,000000002f0780a1,0
853,853,0,7f800ba358,0,0,00,ffffffff800ba35a,000000002f0780a1,0
854,854,0,7f800ba358,0,0,00,ffffffff800ba35a,000000002f0780a1,0
855,855,0,7f800ba358,0,0,00,ffffffff800ba35a,000000002f0780a1,0
856,856,0,7f800ba358,0,0,00,ffffffff800ba35a,000000002f0780a1,0
857,857,0,7f800ba358,0,0,00,ffffffff800ba35a,000000002f0780a1,0
858,858,0,7f800ba358,0,0,00,ffffffff800ba35a,000000002f0780a1,0
859,859,0,7f800ba358,0,0,00,ffffffff800ba35a,000000002f0780a1,0
860,860,0,7f800ba358,0,0,00,ffffffff800ba35a,000000002f0780a1,0
861,861,0,7f800ba358,0,0,00,ffffffff800ba35a,000000002f0780a1,0
862,862,0,7f800ba358,0,0,00,ffffffff800ba35a,000000002f0780a1,0
863,863,0,7f800ba358,0,0,00,ffffffff800ba35a,000000002f0780a1,0
864,864,0,7f800ba358,0,0,00,ffffffff800ba35a,000000002f0780a1,0
865,865,0,7f800ba358,0,0,00,ffffffff800ba35a,000000002f0780a1,0
866,866,0,7f800ba358,0,0,00,ffffffff800ba35a,000000002f0780a1,0
867,867,0,7f800ba358,0,0,00,ffffffff800ba35a,000000002f0780a1,0
868,868,0,7f800ba358,0,0,00,ffffffff800ba35a,000000002f0780a1,0
869,869,0,7f800ba358,0,0,00,ffffffff800ba35a,000000002f0780a1,0
870,870,0,7f800ba358,0,0,00,ffffffff800ba35a,000000002f0780a1,0
871,871,0,7f800ba358,0,0,00,ffffffff800ba35a,000000002f0780a1,0
872,872,0,7f800ba358,0,0,00,ffffffff800ba35a,000000002f0780a1,0
873,873,0,7f800ba358,0,0,00,ffffffff800ba35a,000000002f0780a1,0
874,874,0,7f800ba358,0,0,00,ffffffff800ba35a,000000002f0780a1,0
875,875,0,7f800ba358,0,0,00,ffffffff800ba35a,000000002f0780a1,0
876,876,0,7f800ba358,0,0,00,ffffffff800ba35a,000000002f0780a1,0
877,877,0,7f800ba358,0,0,00,ffffffff800ba35a,000000002f0780a1,0
878,878,0,7f800ba358,0,0,00,ffffffff800ba35a,000000002f0780a1,0
879,879,0,7f800ba358,0,0,00,ffffffff800ba35a,000000002f0780a1,0
880,880,0,7f800ba358,0,0,00,ffffffff800ba35a,000000002f0780a1,0
881,881,0,7f800ba358,0,0,00,ffffffff800ba35a,000000002f0780a1,0
882,882,0,7f800ba358,0,0,00,ffffffff800ba35a,000000002f0780a1,0
883,883,0,7f800ba358,0,0,00,ffffffff800ba35a,000000002f0780a1,0
884,884,0,7f800ba358,0,0,00,ffffffff800ba35a,000000002f0780a1,0
885,885,0,7f800ba358,0,0,00,ffffffff800ba35a,000000002f0780a1,0
886,886,0,7f800ba358,0,0,00,ffffffff800ba35a,000000002f0780a1,0
887,887,0,7f800ba358,0,0,00,ffffffff800ba35a,000000002f0780a1,0
888,888,0,7f800ba358,0,0,00,ffffffff800ba35a,000000002f0780a1,0
889,889,0,7f800ba358,0,0,00,ffffffff800ba35a,000000002f0780a1,0
890,890,0,7f800ba358,0,0,00,ffffffff800ba35a,000000002f0780a1,0
891,891,0,7f800ba358,0,0,00,ffffffff800ba35a,000000002f0780a1,0
892,892,0,7f800ba358,0,0,00,ffffffff800ba35a,000000002f0780a1,0
893,893,0,7f800ba358,0,0,00,ffffffff800ba35a,000000002f0780a1,0
894,894,0,7f800ba358,0,0,00,ffffffff800ba35a,000000002f0780a1,0
895,895,0,7f800ba358,0,0,00,ffffffff800ba35a,000000002f0780a1,0
896,896,0,7f800ba358,0,0,00,ffffffff800ba35a,000000002f0780a1,0
897,897,0,7f800ba358,0,0,00,ffffffff800ba35a,000000002f0780a1,0
898,898,0,7f800ba358,0,0,00,ffffffff800ba35a,000000002f0780a1,0
899,899,0,7f800ba358,0,0,00,ffffffff800ba35a,000000002f0780a1,0
900,900,0,7f800ba358,0,0,00,ffffffff800ba35a,000000002f0780a1,0
901,901,0,7f800ba358,0,0,00,ffffffff800ba35a,000000002f0780a1,0
902,902,0,7f800ba358,0,0,00,ffffffff800ba35a,000000002f0780a1,0
903,903,0,7f800ba358,0,0,00,ffffffff800ba35a,000000002f0780a1,0
904,904,0,7f800ba358,0,0,00,ffffffff800ba35a,000000002f0780a1,0
905,905,0,7f800ba358,0,0,00,ffffffff800ba35a,000000002f0780a1,0
906,906,0,7f800ba358,0,0,00,ffffffff800ba35a,000000002f0780a1,0
907,907,0,7f800ba358,0,0,00,ffffffff800ba35a,000000002f0780a1,0
908,908,0,7f800ba358,0,0,00,ffffffff800ba35a,000000002f0780a1,0
909,909,0,7f800ba358,0,0,00,ffffffff800ba35a,000000002f0780a1,0
910,910,0,7f800ba358,0,0,00,ffffffff800ba35a,000000002f0780a1,0
911,911,0,7f800ba358,0,0,00,ffffffff800ba35a,000000002f0780a1,0
912,912,0,7f800ba358,0,0,00,ffffffff800ba35a,000000002f0780a1,0
913,913,0,7f800ba358,0,0,00,ffffffff800ba35a,000000002f0780a1,0
914,914,0,7f800ba358,0,0,00,ffffffff800ba35a,000000002f0780a1,0
915,915,0,7f800ba358,0,0,00,ffffffff800ba35a,000000002f0780a1,0
916,916,0,7f800ba358,0,0,00,ffffffff800ba35a,000000002f0780a1,0
917,917,0,7f800ba358,0,0,00,ffffffff800ba35a,000000002f0780a1,0
918,918,0,7f800ba358,0,0,00,ffffffff800ba35a,000000002f0780a1,0
919,919,0,7f800ba358,0,0,00,ffffffff800ba35a,000000002f0780a1,0
920,920,0,7f800ba358,0,0,00,ffffffff800ba35a,000000002f0780a1,0
921,921,0,7f800ba358,0,0,00,ffffffff800ba35a,000000002f0780a1,0
922,922,0,7f800ba358,0,0,00,ffffffff800ba35a,000000002f0780a1,0
923,923,0,7f800ba34a,1,1,0f,ffffffffffffffff,000000002f0780a1,0
924,924,0,7f800ba34e,1,0,0f,0000000000000000,000000002f0780a2,0
925,925,0,7f800ba34e,0,0,0f,0000000000000000,000000002f0780a3,0
926,926,0,7f800ba34e,0,0,0f,0000000000000000,000000002f0780a3,0
927,927,0,7f800ba34e,0,0,0f,0000000000000000,000000002f0780a3,0
928,928,0,7f800ba34e,0,0,0f,0000000000000000,000000002f0780a3,0
929,929,0,7f800ba34e,0,0,0f,0000000000000000,000000002f0780a3,0
930,930,0,7f800ba34e,0,0,0f,0000000000000000,000000002f0780a3,0
931,931,0,7f800ba34e,0,0,0f,0000000000000000,000000002f0780a3,0
932,932,0,0080000004,1,1,02,000000008000bdc0,000000002f0780a3,0
933,933,0,0080000004,0,0,02,000000008000bdc0,000000002f0780a4,0
934,934,0,0080000008,1,0,00,000000008000000c,000000002f0780a4,0
935,935,0,0080000008,0,0,00,000000008000000c,000000002f0780a5,0
936,936,0,0080000008,0,0,00,000000008000000c,000000002f0780a5,0
937,937,0,008000000c,1,0,00,00000000000003e8,000000002f0780a5,0
938,938,0,008000000c,0,0,00,00000000000003e8,000000002f0780a6,0
939,939,0,008000000c,0,0,00,00000000000003e8,000000002f0780a6,0
940,940,0,0080000010,1,0,00,0000000000000000,000000002f0780a6,0
941,941,0,0080000014,1,1,0b,0000000000000002,000000002f0780a7,0
942,942,0,0080000014,0,0,0b,0000000000000002,000000002f0780a8,0
943,943,0,0080000018,1,0,00,000000008000001c,000000002f0780a8,0
944,944,0,0080000018,0,0,00,000000008000001c,000000002f0780a9,0
945,945,0,0080000018,0,0,00,000000008000001c,000000002f0780a9,0
946,946,0,008000009c,1,0,00,ffffffff80019d2c,000000002f0780a9,0
947,947,0,008000009c,0,0,00,ffffffff80019d2c,000000002f0780aa,0
948,948,0,008000009c,0,0,00,ffffffff80019d2c,000000002f0780aa,0
949,949,0,00800000a0,1,0,00,ffffffff800ea868,000000002f0780aa,0
950,950,0,00800000a0,0,0,00,ffffffff800ea868,000000002f0780ab,0
951,951,0,00800000a0,0,0,00,ffffffff800ea868,000000002f0780ab,0
952,952,0,00800000a4,1,0,00,ffffffff80118000,000000002f0780ab,0
953,953,0,00800000a4,0,0,00,ffffffff80118000,000000002f0780ac,0
954,954,0,00800000a4,0,0,00,ffffffff80118000,000000002f0780ac,0
955,955,0,00800000a8,1,0,00,ffffffff800f5e48,000000002f0780ac,0
956,956,0,00800000ac,1,1,05,00000000800090ac,000000002f0780ad,0
957,957,0,00800000ac,0,0,05,00000000800090ac,000000002f0780ae,0
958,958,0,00800000ac,0,0,05,00000000800090ac,000000002f0780ae,0
959,959,0,00800000b0,1,0,00,0000000000000038,000000002f0780ae,0
960,960,0,00800000b4,1,1,06,0000000000000010,000000002f0780af,0
961,961,0,00800000b4,0,0,06,0000000000000010,000000002f0780b0,0
962,962,0,00800000b4,0,0,06,0000000000000010,000000002f0780b0,0
963,963,0,00800000b8,1,0,00,0000000000000200,000000002f0780b0,0
964,964,0,00800000bc,1,1,06,00000000800090bc,000000002f0780b1,0
965,965,0,00800000bc,0,0,06,00000000800090bc,000000002f0780b2,0
966,966,0,00800000bc,0,0,06,00000000800090bc,000000002f0780b2,0
967,967,0,00800000c0,1,0,00,0000000000001130,000000002f0780b2,0
968,968,0,00800000c0,0,0,00,0000000000001130,000000002f0780b3,0
969,969,0,00800000c0,0,0,00,0000000000001130,000000002f0780b3,0
970,970,0,00800000c4,1,1,06,0000000080002b42,000000002f0780b3,0
971,971,0,00800000c4,0,0,06,0000000080002b42,000000002f0780b4,0
972,972,0,00800000c4,0,0,06,0000000080002b42,000000002f0780b4,0
973,973,0,00800000c8,1,0,00,0000000000000001,000000002f0780b4,0
974,974,0,00800000cc,1,1,0a,000000008000bdc0,000000002f0780b5,0
975,975,0,00800000cc,0,0,0a,000000008000bdc0,000000002f0780b6,0
976,976,0,00800000cc,0,0,0a,000000008000bdc0,000000002f0780b6,0
977,977,0,00800000d0,1,0,00,0000000000000000,000000002f0780b6,0
978,978,0,00800000d4,1,1,0c,ffffffff800ba34e,000000002f0780b7,0
979,979,0,00800000d4,0,0,0c,ffffffff800ba34e,000000002f0780b8,0
980,980,0,00800000d4,0,0,0c,ffffffff800ba34e,000000002f0780b8,0
981,981,0,00800000d8,1,0,00,00000000004664d1,000000002f0780b8,0
982,982,0,00800000dc,1,1,05,ffffffff80113c70,000000002f0780b9,0
983,983,0,00800000dc,0,0,05,ffffffff80113c70,000000002f0780ba,0
984,984,0,00800000dc,0,0,05,ffffffff80113c70,000000002f0780ba,0
985,985,0,00800000e0,1,0,00,00000000000003e7,000000002f0780ba,0
986,986,0,00800000e0,0,0,00,00000000000003e7,000000002f0780bb,0
987,987,0,00800000e0,0,0,00,00000000000003e7,000000002f0780bb,0
988,988,0,00800000e4,1,0,00,00000000004664d3,000000002f0780bb,0
989,989,0,00800000e4,0,0,00,00000000004664d3,000000002f0780bc,0
990,990,0,00800000e4,0,0,00,00000000004664d3,000000002f0780bc,0
991,991,0,00800000e8,1,0,00,0000000000000007,000000002f0780bc,0
992,992,0,00800000e8,0,0,00,0000000000000007,000000002f0780bd,0
993,993,0,00800000e8,0,0,00,0000000000000007,000000002f0780bd,0
994,994,0,00800000ec,1,0,00,0000000000000001,000000002f0780bd,0
995,995,0,00800000ec,0,0,00,0000000000000001,000000002f0780be,0
996,996,0,00800000ec,0,0,00,0000000000000001,000000002f0780be,0
997,997,0,00800000f0,1,0,00,0000000000000004,000000002f0780be,0
998,998,0,00800000f0,0,0,00,0000000000000004,000000002f0780bf,0
999,999,0,00800000f0,0,0,00,0000000000000004,000000002f0780bf,0
1000,1000,0,00800000f4,1,0,00,ffffffff800f0000,000000002f0780bf,0
1001,1001,0,00800000f4,0,0,00,ffffffff800f0000,000000002f0780c0,0
1002,1002,0,00800000f4,0,0,00,ffffffff800f0000,000000002f0780c0,0
1003,1003,0,00800000f8,1,0,00,0000000000000000,000000002f0780c0,0
1004,1004,0,00800000f8,0,0,00,0000000000000000,000000002f0780c1,0
1005,1005,0,00800000f8,0,0,00,0000000000000000,000000002f0780c1,0
1006,1006,0,00800000fc,1,0,00,ffffffff80113d10,000000002f0780c1,0
1007,1007,0,00800000fc,0,0,00,ffffffff80113d10,000000002f0780c2,0
1008,1008,0,00800000fc,0,0,00,ffffffff80113d10,000000002f0780c2,0
1009,1009,0,0080000100,1,0,00,00000000000011f8,000000002f0780c2,0
1010,1010,0,0080000100,0,0,00,00000000000011f8,000000002f0780c3,0
1011,1011,0,0080000100,0,0,00,00000000000011f8,000000002f0780c3,0
1012,1012,0,0080000104,1,0,00,ffffffff800cc000,000000002f0780c3,0
1013,1013,0,0080000104,0,0,00,ffffffff800cc000,000000002f0780c4,0
1014,1014,0,0080000104,0,0,00,ffffffff800cc000,000000002f0780c4,0
1015,1015,0,0080000108,1,0,00,0000000000000000,000000002f0780c4,0
1016,1016,0,0080000108,0,0,00,0000000000000000,000000002f0780c5,0
1017,1017,0,0080000108,0,0,00,0000000000000000,000000002f0780c5,0
1018,1018,0,008000010c,1,0,00,0000000000001ee0,000000002f0780c5,0
1019,1019,0,008000010c,0,0,00,0000000000001ee0,000000002f0780c6,0
1020,1020,0,008000010c,0,0,00,0000000000001ee0,000000002f0780c6,0
1021,1021,0,0080000110,1,0,00,ffffffff80118000,000000002f0780c6,0
1022,1022,0,0080000110,0,0,00,ffffffff80118000,000000002f0780c7,0
1023,1023,0,0080000110,0,0,00,ffffffff80118000,000000002f0780c7,0
