Sample in Buffer,Sample in Window,TRIGGER,system_top_i/rv_system/system_ila_1/inst/probe0_1[31:0],system_top_i/rv_system/system_ila_1/inst/probe1_1,system_top_i/rv_system/system_ila_1/inst/probe2_1,system_top_i/rv_system/system_ila_1/inst/probe3_1,system_top_i/rv_system/system_ila_1/inst/probe4_1,system_top_i/rv_system/system_ila_1/inst/probe5_1[63:0],system_top_i/rv_system/system_ila_1/inst/probe6_1
Radix - UNSIGNED,UNSIGNED,UNSIGNED,HEX,HEX,HEX,HEX,HEX,HEX,HEX
0,0,0,10000000,1,1,1,0,0000000000000000,1
1,1,0,10000000,1,1,1,0,0000000000000000,1
2,2,0,10000000,1,1,1,0,0000000000000000,1
3,3,0,10000000,1,1,1,0,0000000000000000,1
4,4,0,10000000,1,1,1,0,0000000000000000,1
5,5,0,10000000,1,1,1,0,0000000000000000,1
6,6,0,10000000,1,1,1,0,0000000000000000,1
7,7,0,10000000,1,1,1,0,0000000000000000,1
8,8,0,10000000,1,1,1,0,0000000000000000,1
9,9,0,10000000,1,1,1,0,0000000000000000,1
10,10,0,10000000,1,1,1,0,0000000000000000,1
11,11,0,10000000,1,1,1,0,0000000000000000,1
12,12,0,10000000,1,1,1,0,0000000000000000,1
13,13,0,10000000,1,1,1,0,0000000000000000,1
14,14,0,10000000,1,1,1,0,0000000000000000,1
15,15,0,10000000,1,1,1,0,0000000000000000,1
16,16,0,10000000,1,1,1,0,0000000000000000,1
17,17,0,10000000,1,1,1,0,0000000000000000,1
18,18,0,10000000,1,1,1,0,0000000000000000,1
19,19,0,10000000,1,1,1,0,0000000000000000,1
20,20,0,10000000,1,1,1,0,0000000000000000,1
21,21,0,10000000,1,1,1,0,0000000000000000,1
22,22,0,10000000,1,1,1,0,0000000000000000,1
23,23,0,10000000,1,1,1,0,0000000000000000,1
24,24,0,10000000,1,1,1,0,0000000000000000,1
25,25,0,10000000,1,1,1,0,0000000000000000,1
26,26,0,10000000,1,1,1,0,0000000000000000,1
27,27,0,10000000,1,1,1,0,0000000000000000,1
28,28,0,10000000,1,1,1,0,0000000000000000,1
29,29,0,10000000,1,1,1,0,0000000000000000,1
30,30,0,10000000,1,1,1,0,0000000000000000,1
31,31,0,10000000,1,1,1,0,0000000000000000,1
32,32,0,10000000,1,1,1,0,0000000000000000,1
33,33,0,10000000,1,1,1,0,0000000000000000,1
34,34,0,10000000,1,1,1,0,0000000000000000,1
35,35,0,10000000,1,1,1,0,0000000000000000,1
36,36,0,10000000,1,1,1,0,0000000000000000,1
37,37,0,10000000,1,1,1,0,0000000000000000,1
38,38,0,10000000,1,1,1,0,0000000000000000,1
39,39,0,10000000,1,1,1,0,0000000000000000,1
40,40,0,10000000,1,1,1,0,0000000000000000,1
41,41,0,10000000,1,1,1,0,0000000000000000,1
42,42,0,10000000,1,1,1,0,0000000000000000,1
43,43,0,10000000,1,1,1,0,0000000000000000,1
44,44,0,10000000,1,1,1,0,0000000000000000,1
45,45,0,10000000,1,1,1,0,0000000000000000,1
46,46,0,10000000,1,1,1,0,0000000000000000,1
47,47,0,10000000,1,1,1,0,0000000000000000,1
48,48,0,10000000,1,1,1,0,0000000000000000,1
49,49,0,10000000,1,1,1,0,0000000000000000,1
50,50,0,10000000,1,1,1,0,0000000000000000,1
51,51,0,10000000,1,1,1,0,0000000000000000,1
52,52,0,10000000,1,1,1,0,0000000000000000,1
53,53,0,10000000,1,1,1,0,0000000000000000,1
54,54,0,10000000,1,1,1,0,0000000000000000,1
55,55,0,10000000,1,1,1,0,0000000000000000,1
56,56,0,10000000,1,1,1,0,0000000000000000,1
57,57,0,10000000,1,1,1,0,0000000000000000,1
58,58,0,10000000,1,1,1,0,0000000000000000,1
59,59,0,10000000,1,1,1,0,0000000000000000,1
60,60,0,10000000,1,1,1,0,0000000000000000,1
61,61,0,10000000,1,1,1,0,0000000000000000,1
62,62,0,10000000,1,1,1,0,0000000000000000,1
63,63,0,10000000,1,1,1,0,0000000000000000,1
64,64,0,10000000,1,1,1,0,0000000000000000,1
65,65,0,10000000,1,1,1,0,0000000000000000,1
66,66,0,10000000,1,1,1,0,0000000000000000,1
67,67,0,10000000,1,1,1,0,0000000000000000,1
68,68,0,10000000,1,1,1,0,0000000000000000,1
69,69,0,10000000,1,1,1,0,0000000000000000,1
70,70,0,10000000,1,1,1,0,0000000000000000,1
71,71,0,10000000,1,1,1,0,0000000000000000,1
72,72,0,10000000,1,1,1,0,0000000000000000,1
73,73,0,10000000,1,1,1,0,0000000000000000,1
74,74,0,10000000,1,1,1,0,0000000000000000,1
75,75,0,10000000,1,1,1,0,0000000000000000,1
76,76,0,10000000,1,1,1,0,0000000000000000,1
77,77,0,10000000,1,1,1,0,0000000000000000,1
78,78,0,10000000,1,1,1,0,0000000000000000,1
79,79,0,10000000,1,1,1,0,0000000000000000,1
80,80,0,10000000,1,1,1,0,0000000000000000,1
81,81,0,10000000,1,1,1,0,0000000000000000,1
82,82,0,10000000,1,1,1,0,0000000000000000,1
83,83,0,10000000,1,1,1,0,0000000000000000,1
84,84,0,10000000,1,1,1,0,0000000000000000,1
85,85,0,10000000,1,1,1,0,0000000000000000,1
86,86,0,10000000,1,1,1,0,0000000000000000,1
87,87,0,10000000,1,1,1,0,0000000000000000,1
88,88,0,10000000,1,1,1,0,0000000000000000,1
89,89,0,10000000,1,1,1,0,0000000000000000,1
90,90,0,10000000,1,1,1,0,0000000000000000,1
91,91,0,10000000,1,1,1,0,0000000000000000,1
92,92,0,10000000,1,1,1,0,0000000000000000,1
93,93,0,10000000,1,1,1,0,0000000000000000,1
94,94,0,10000000,1,1,1,0,0000000000000000,1
95,95,0,10000000,1,1,1,0,0000000000000000,1
96,96,0,10000000,1,1,1,0,0000000000000000,1
97,97,0,10000000,1,1,1,0,0000000000000000,1
98,98,0,10000000,1,1,1,0,0000000000000000,1
99,99,0,10000000,1,1,1,0,0000000000000000,1
100,100,0,10000000,1,1,1,0,0000000000000000,1
101,101,0,10000000,1,1,1,0,0000000000000000,1
102,102,0,10000000,1,1,1,0,0000000000000000,1
103,103,0,10000000,1,1,1,0,0000000000000000,1
104,104,0,10000000,1,1,1,0,0000000000000000,1
105,105,0,10000000,1,1,1,0,0000000000000000,1
106,106,0,10000000,1,1,1,0,0000000000000000,1
107,107,0,10000000,1,1,1,0,0000000000000000,1
108,108,0,10000000,1,1,1,0,0000000000000000,1
109,109,0,10000000,1,1,1,0,0000000000000000,1
110,110,0,10000000,1,1,1,0,0000000000000000,1
111,111,0,10000000,1,1,1,0,0000000000000000,1
112,112,0,10000000,1,1,1,0,0000000000000000,1
113,113,0,10000000,1,1,1,0,0000000000000000,1
114,114,0,10000000,1,1,1,0,0000000000000000,1
115,115,0,10000000,1,1,1,0,0000000000000000,1
116,116,0,10000000,1,1,1,0,0000000000000000,1
117,117,0,10000000,1,1,1,0,0000000000000000,1
118,118,0,10000000,1,1,1,0,0000000000000000,1
119,119,0,10000000,1,1,1,0,0000000000000000,1
120,120,0,10000000,1,1,1,0,0000000000000000,1
121,121,0,10000000,1,1,1,0,0000000000000000,1
122,122,0,10000000,1,1,1,0,0000000000000000,1
123,123,0,10000000,1,1,1,0,0000000000000000,1
124,124,0,10000000,1,1,1,0,0000000000000000,1
125,125,0,10000000,1,1,1,0,0000000000000000,1
126,126,0,10000000,1,1,1,0,0000000000000000,1
127,127,0,10000000,1,1,1,0,0000000000000000,1
128,128,0,10000000,1,1,1,0,0000000000000000,1
129,129,0,10000000,1,1,1,0,0000000000000000,1
130,130,0,10000000,1,1,1,0,0000000000000000,1
131,131,0,10000000,1,1,1,0,0000000000000000,1
132,132,0,10000000,1,1,1,0,0000000000000000,1
133,133,0,10000000,1,1,1,0,0000000000000000,1
134,134,0,10000000,1,1,1,0,0000000000000000,1
135,135,0,10000000,1,1,1,0,0000000000000000,1
136,136,0,10000000,1,1,1,0,0000000000000000,1
137,137,0,10000000,1,1,1,0,0000000000000000,1
138,138,0,10000000,1,1,1,0,0000000000000000,1
139,139,0,10000000,1,1,1,0,0000000000000000,1
140,140,0,10000000,1,1,1,0,0000000000000000,1
141,141,0,10000000,1,1,1,0,0000000000000000,1
142,142,0,10000000,1,1,1,0,0000000000000000,1
143,143,0,10000000,1,1,1,0,0000000000000000,1
144,144,0,10000000,1,1,1,0,0000000000000000,1
145,145,0,10000000,1,1,1,0,0000000000000000,1
146,146,0,10000000,1,1,1,0,0000000000000000,1
147,147,0,10000000,1,1,1,0,0000000000000000,1
148,148,0,10000000,1,1,1,0,0000000000000000,1
149,149,0,10000000,1,1,1,0,0000000000000000,1
150,150,0,10000000,1,1,1,0,0000000000000000,1
151,151,0,10000000,1,1,1,0,0000000000000000,1
152,152,0,10000000,1,1,1,0,0000000000000000,1
153,153,0,10000000,1,1,1,0,0000000000000000,1
154,154,0,10000000,1,1,1,0,0000000000000000,1
155,155,0,10000000,1,1,1,0,0000000000000000,1
156,156,0,10000000,1,1,1,0,0000000000000000,1
157,157,0,10000000,1,1,1,0,0000000000000000,1
158,158,0,10000000,1,1,1,0,0000000000000000,1
159,159,0,10000000,1,1,1,0,0000000000000000,1
160,160,0,10000000,1,1,1,0,0000000000000000,1
161,161,0,10000000,1,1,1,0,0000000000000000,1
162,162,0,10000000,1,1,1,0,0000000000000000,1
163,163,0,10000000,1,1,1,0,0000000000000000,1
164,164,0,10000000,1,1,1,0,0000000000000000,1
165,165,0,10000000,1,1,1,0,0000000000000000,1
166,166,0,10000000,1,1,1,0,0000000000000000,1
167,167,0,10000000,1,1,1,0,0000000000000000,1
168,168,0,10000000,1,1,1,0,0000000000000000,1
169,169,0,10000000,1,1,1,0,0000000000000000,1
170,170,0,10000000,1,1,1,0,0000000000000000,1
171,171,0,10000000,1,1,1,0,0000000000000000,1
172,172,0,10000000,1,1,1,0,0000000000000000,1
173,173,0,10000000,1,1,1,0,0000000000000000,1
174,174,0,10000000,1,1,1,0,0000000000000000,1
175,175,0,10000000,1,1,1,0,0000000000000000,1
176,176,0,10000000,1,1,1,0,0000000000000000,1
177,177,0,10000000,1,1,1,0,0000000000000000,1
178,178,0,10000000,1,1,1,0,0000000000000000,1
179,179,0,10000000,1,1,1,0,0000000000000000,1
180,180,0,10000000,1,1,1,0,0000000000000000,1
181,181,0,10000000,1,1,1,0,0000000000000000,1
182,182,0,10000000,1,1,1,0,0000000000000000,1
183,183,0,10000000,1,1,1,0,0000000000000000,1
184,184,0,10000000,1,1,1,0,0000000000000000,1
185,185,0,10000000,1,1,1,0,0000000000000000,1
186,186,0,10000000,1,1,1,0,0000000000000000,1
187,187,0,10000000,1,1,1,0,0000000000000000,1
188,188,0,10000000,1,1,1,0,0000000000000000,1
189,189,0,10000000,1,1,1,0,0000000000000000,1
190,190,0,10000000,1,1,1,0,0000000000000000,1
191,191,0,10000000,1,1,1,0,0000000000000000,1
192,192,0,10000000,1,1,1,0,0000000000000000,1
193,193,0,10000000,1,1,1,0,0000000000000000,1
194,194,0,10000000,1,1,1,0,0000000000000000,1
195,195,0,10000000,1,1,1,0,0000000000000000,1
196,196,0,10000000,1,1,1,0,0000000000000000,1
197,197,0,10000000,1,1,1,0,0000000000000000,1
198,198,0,10000000,1,1,1,0,0000000000000000,1
199,199,0,10000000,1,1,1,0,0000000000000000,1
200,200,0,10000000,1,1,1,0,0000000000000000,1
201,201,0,10000000,1,1,1,0,0000000000000000,1
202,202,0,10000000,1,1,1,0,0000000000000000,1
203,203,0,10000000,1,1,1,0,0000000000000000,1
204,204,0,10000000,1,1,1,0,0000000000000000,1
205,205,0,10000000,1,1,1,0,0000000000000000,1
206,206,0,10000000,1,1,1,0,0000000000000000,1
207,207,0,10000000,1,1,1,0,0000000000000000,1
208,208,0,10000000,1,1,1,0,0000000000000000,1
209,209,0,10000000,1,1,1,0,0000000000000000,1
210,210,0,10000000,1,1,1,0,0000000000000000,1
211,211,0,10000000,1,1,1,0,0000000000000000,1
212,212,0,10000000,1,1,1,0,0000000000000000,1
213,213,0,10000000,1,1,1,0,0000000000000000,1
214,214,0,10000000,1,1,1,0,0000000000000000,1
215,215,0,10000000,1,1,1,0,0000000000000000,1
216,216,0,10000000,1,1,1,0,0000000000000000,1
217,217,0,10000000,1,1,1,0,0000000000000000,1
218,218,0,10000000,1,1,1,0,0000000000000000,1
219,219,0,10000000,1,1,1,0,0000000000000000,1
220,220,0,10000000,1,1,1,0,0000000000000000,1
221,221,0,10000000,1,1,1,0,0000000000000000,1
222,222,0,10000000,1,1,1,0,0000000000000000,1
223,223,0,10000000,1,1,1,0,0000000000000000,1
224,224,0,10000000,1,1,1,0,0000000000000000,1
225,225,0,10000000,1,1,1,0,0000000000000000,1
226,226,0,10000000,1,1,1,0,0000000000000000,1
227,227,0,10000000,1,1,1,0,0000000000000000,1
228,228,0,10000000,1,1,1,0,0000000000000000,1
229,229,0,10000000,1,1,1,0,0000000000000000,1
230,230,0,10000000,1,1,1,0,0000000000000000,1
231,231,0,10000000,1,1,1,0,0000000000000000,1
232,232,0,10000000,1,1,1,0,0000000000000000,1
233,233,0,10000000,1,1,1,0,0000000000000000,1
234,234,0,10000000,1,1,1,0,0000000000000000,1
235,235,0,10000000,1,1,1,0,0000000000000000,1
236,236,0,10000000,1,1,1,0,0000000000000000,1
237,237,0,10000000,1,1,1,0,0000000000000000,1
238,238,0,10000000,1,1,1,0,0000000000000000,1
239,239,0,10000000,1,1,1,0,0000000000000000,1
240,240,0,10000000,1,1,1,0,0000000000000000,1
241,241,0,10000000,1,1,1,0,0000000000000000,1
242,242,0,10000000,1,1,1,0,0000000000000000,1
243,243,0,10000000,1,1,1,0,0000000000000000,1
244,244,0,10000000,1,1,1,0,0000000000000000,1
245,245,0,10000000,1,1,1,0,0000000000000000,1
246,246,0,10000000,1,1,1,0,0000000000000000,1
247,247,0,10000000,1,1,1,0,0000000000000000,1
248,248,0,10000000,1,1,1,0,0000000000000000,1
249,249,0,10000000,1,1,1,0,0000000000000000,1
250,250,0,10000000,1,1,1,0,0000000000000000,1
251,251,0,10000000,1,1,1,0,0000000000000000,1
252,252,0,10000000,1,1,1,0,0000000000000000,1
253,253,0,10000000,1,1,1,0,0000000000000000,1
254,254,0,10000000,1,1,1,0,0000000000000000,1
255,255,0,10000000,1,1,1,0,0000000000000000,1
256,256,0,10000000,1,1,1,0,0000000000000000,1
257,257,0,10000000,1,1,1,0,0000000000000000,1
258,258,0,10000000,1,1,1,0,0000000000000000,1
259,259,0,10000000,1,1,1,0,0000000000000000,1
260,260,0,10000000,1,1,1,0,0000000000000000,1
261,261,0,10000000,1,1,1,0,0000000000000000,1
262,262,0,10000000,1,1,1,0,0000000000000000,1
263,263,0,10000000,1,1,1,0,0000000000000000,1
264,264,0,10000000,1,1,1,0,0000000000000000,1
265,265,0,10000000,1,1,1,0,0000000000000000,1
266,266,0,10000000,1,1,1,0,0000000000000000,1
267,267,0,10000000,1,1,1,0,0000000000000000,1
268,268,0,10000000,1,1,1,0,0000000000000000,1
269,269,0,10000000,1,1,1,0,0000000000000000,1
270,270,0,10000000,1,1,1,0,0000000000000000,1
271,271,0,10000000,1,1,1,0,0000000000000000,1
272,272,0,10000000,1,1,1,0,0000000000000000,1
273,273,0,10000000,1,1,1,0,0000000000000000,1
274,274,0,10000000,1,1,1,0,0000000000000000,1
275,275,0,10000000,1,1,1,0,0000000000000000,1
276,276,0,10000000,1,1,1,0,0000000000000000,1
277,277,0,10000000,1,1,1,0,0000000000000000,1
278,278,0,10000000,1,1,1,0,0000000000000000,1
279,279,0,10000000,1,1,1,0,0000000000000000,1
280,280,0,10000000,1,1,1,0,0000000000000000,1
281,281,0,10000000,1,1,1,0,0000000000000000,1
282,282,0,10000000,1,1,1,0,0000000000000000,1
283,283,0,10000000,1,1,1,0,0000000000000000,1
284,284,0,10000000,1,1,1,0,0000000000000000,1
285,285,0,10000000,1,1,1,0,0000000000000000,1
286,286,0,10000000,1,1,1,0,0000000000000000,1
287,287,0,10000000,1,1,1,0,0000000000000000,1
288,288,0,10000000,1,1,1,0,0000000000000000,1
289,289,0,10000000,1,1,1,0,0000000000000000,1
290,290,0,10000000,1,1,1,0,0000000000000000,1
291,291,0,10000000,1,1,1,0,0000000000000000,1
292,292,0,10000000,1,1,1,0,0000000000000000,1
293,293,0,10000000,1,1,1,0,0000000000000000,1
294,294,0,10000000,1,1,1,0,0000000000000000,1
295,295,0,10000000,1,1,1,0,0000000000000000,1
296,296,0,10000000,1,1,1,0,0000000000000000,1
297,297,0,10000000,1,1,1,0,0000000000000000,1
298,298,0,10000000,1,1,1,0,0000000000000000,1
299,299,0,10000000,1,1,1,0,0000000000000000,1
300,300,0,10000000,1,1,1,0,0000000000000000,1
301,301,0,10000000,1,1,1,0,0000000000000000,1
302,302,0,10000000,1,1,1,0,0000000000000000,1
303,303,0,10000000,1,1,1,0,0000000000000000,1
304,304,0,10000000,1,1,1,0,0000000000000000,1
305,305,0,10000000,1,1,1,0,0000000000000000,1
306,306,0,10000000,1,1,1,0,0000000000000000,1
307,307,0,10000000,1,1,1,0,0000000000000000,1
308,308,0,10000000,1,1,1,0,0000000000000000,1
309,309,0,10000000,1,1,1,0,0000000000000000,1
310,310,0,10000000,1,1,1,0,0000000000000000,1
311,311,0,10000000,1,1,1,0,0000000000000000,1
312,312,0,10000000,1,1,1,0,0000000000000000,1
313,313,0,10000000,1,1,1,0,0000000000000000,1
314,314,0,10000000,1,1,1,0,0000000000000000,1
315,315,0,10000000,1,1,1,0,0000000000000000,1
316,316,0,10000000,1,1,1,0,0000000000000000,1
317,317,0,10000000,1,1,1,0,0000000000000000,1
318,318,0,10000000,1,1,1,0,0000000000000000,1
319,319,0,10000000,1,1,1,0,0000000000000000,1
320,320,0,10000000,1,1,1,0,0000000000000000,1
321,321,0,10000000,1,1,1,0,0000000000000000,1
322,322,0,10000000,1,1,1,0,0000000000000000,1
323,323,0,10000000,1,1,1,0,0000000000000000,1
324,324,0,10000000,1,1,1,0,0000000000000000,1
325,325,0,10000000,1,1,1,0,0000000000000000,1
326,326,0,10000000,1,1,1,0,0000000000000000,1
327,327,0,10000000,1,1,1,0,0000000000000000,1
328,328,0,10000000,1,1,1,0,0000000000000000,1
329,329,0,10000000,1,1,1,0,0000000000000000,1
330,330,0,10000000,1,1,1,0,0000000000000000,1
331,331,0,10000000,1,1,1,0,0000000000000000,1
332,332,0,10000000,1,1,1,0,0000000000000000,1
333,333,0,10000000,1,1,1,0,0000000000000000,1
334,334,0,10000000,1,1,1,0,0000000000000000,1
335,335,0,10000000,1,1,1,0,0000000000000000,1
336,336,0,10000000,1,1,1,0,0000000000000000,1
337,337,0,10000000,1,1,1,0,0000000000000000,1
338,338,0,10000000,1,1,1,0,0000000000000000,1
339,339,0,10000000,1,1,1,0,0000000000000000,1
340,340,0,10000000,1,1,1,0,0000000000000000,1
341,341,0,10000000,1,1,1,0,0000000000000000,1
342,342,0,10000000,1,1,1,0,0000000000000000,1
343,343,0,10000000,1,1,1,0,0000000000000000,1
344,344,0,10000000,1,1,1,0,0000000000000000,1
345,345,0,10000000,1,1,1,0,0000000000000000,1
346,346,0,10000000,1,1,1,0,0000000000000000,1
347,347,0,10000000,1,1,1,0,0000000000000000,1
348,348,0,10000000,1,1,1,0,0000000000000000,1
349,349,0,10000000,1,1,1,0,0000000000000000,1
350,350,0,10000000,1,1,1,0,0000000000000000,1
351,351,0,10000000,1,1,1,0,0000000000000000,1
352,352,0,10000000,1,1,1,0,0000000000000000,1
353,353,0,10000000,1,1,1,0,0000000000000000,1
354,354,0,10000000,1,1,1,0,0000000000000000,1
355,355,0,10000000,1,1,1,0,0000000000000000,1
356,356,0,10000000,1,1,1,0,0000000000000000,1
357,357,0,10000000,1,1,1,0,0000000000000000,1
358,358,0,10000000,1,1,1,0,0000000000000000,1
359,359,0,10000000,1,1,1,0,0000000000000000,1
360,360,0,10000000,1,1,1,0,0000000000000000,1
361,361,0,10000000,1,1,1,0,0000000000000000,1
362,362,0,10000000,1,1,1,0,0000000000000000,1
363,363,0,10000000,1,1,1,0,0000000000000000,1
364,364,0,10000000,1,1,1,0,0000000000000000,1
365,365,0,10000000,1,1,1,0,0000000000000000,1
366,366,0,10000000,1,1,1,0,0000000000000000,1
367,367,0,10000000,1,1,1,0,0000000000000000,1
368,368,0,10000000,1,1,1,0,0000000000000000,1
369,369,0,10000000,1,1,1,0,0000000000000000,1
370,370,0,10000000,1,1,1,0,0000000000000000,1
371,371,0,10000000,1,1,1,0,0000000000000000,1
372,372,0,10000000,1,1,1,0,0000000000000000,1
373,373,0,10000000,1,1,1,0,0000000000000000,1
374,374,0,10000000,1,1,1,0,0000000000000000,1
375,375,0,10000000,1,1,1,0,0000000000000000,1
376,376,0,10000000,1,1,1,0,0000000000000000,1
377,377,0,10000000,1,1,1,0,0000000000000000,1
378,378,0,10000000,1,1,1,0,0000000000000000,1
379,379,0,10000000,1,1,1,0,0000000000000000,1
380,380,0,10000000,1,1,1,0,0000000000000000,1
381,381,0,10000000,1,1,1,0,0000000000000000,1
382,382,0,10000000,1,1,1,0,0000000000000000,1
383,383,0,10000000,1,1,1,0,0000000000000000,1
384,384,0,10000000,1,1,1,0,0000000000000000,1
385,385,0,10000000,1,1,1,0,0000000000000000,1
386,386,0,10000000,1,1,1,0,0000000000000000,1
387,387,0,10000000,1,1,1,0,0000000000000000,1
388,388,0,10000000,1,1,1,0,0000000000000000,1
389,389,0,10000000,1,1,1,0,0000000000000000,1
390,390,0,10000000,1,1,1,0,0000000000000000,1
391,391,0,10000000,1,1,1,0,0000000000000000,1
392,392,0,10000000,1,1,1,0,0000000000000000,1
393,393,0,10000000,1,1,1,0,0000000000000000,1
394,394,0,10000000,1,1,1,0,0000000000000000,1
395,395,0,10000000,1,1,1,0,0000000000000000,1
396,396,0,10000000,1,1,1,0,0000000000000000,1
397,397,0,10000000,1,1,1,0,0000000000000000,1
398,398,0,10000000,1,1,1,0,0000000000000000,1
399,399,0,10000000,1,1,1,0,0000000000000000,1
400,400,0,10000000,1,1,1,0,0000000000000000,1
401,401,0,10000000,1,1,1,0,0000000000000000,1
402,402,0,10000000,1,1,1,0,0000000000000000,1
403,403,0,10000000,1,1,1,0,0000000000000000,1
404,404,0,10000000,1,1,1,0,0000000000000000,1
405,405,0,10000000,1,1,1,0,0000000000000000,1
406,406,0,10000000,1,1,1,0,0000000000000000,1
407,407,0,10000000,1,1,1,0,0000000000000000,1
408,408,0,10000000,1,1,1,0,0000000000000000,1
409,409,0,10000000,1,1,1,0,0000000000000000,1
410,410,0,10000000,1,1,1,0,0000000000000000,1
411,411,0,10000000,1,1,1,0,0000000000000000,1
412,412,0,10000000,1,1,1,0,0000000000000000,1
413,413,0,10000000,1,1,1,0,0000000000000000,1
414,414,0,10000000,1,1,1,0,0000000000000000,1
415,415,0,10000000,1,1,1,0,0000000000000000,1
416,416,0,10000000,1,1,1,0,0000000000000000,1
417,417,0,10000000,1,1,1,0,0000000000000000,1
418,418,0,10000000,1,1,1,0,0000000000000000,1
419,419,0,10000000,1,1,1,0,0000000000000000,1
420,420,0,10000000,1,1,1,0,0000000000000000,1
421,421,0,10000000,1,1,1,0,0000000000000000,1
422,422,0,10000000,1,1,1,0,0000000000000000,1
423,423,0,10000000,1,1,1,0,0000000000000000,1
424,424,0,10000000,1,1,1,0,0000000000000000,1
425,425,0,10000000,1,1,1,0,0000000000000000,1
426,426,0,10000000,1,1,1,0,0000000000000000,1
427,427,0,10000000,1,1,1,0,0000000000000000,1
428,428,0,10000000,1,1,1,0,0000000000000000,1
429,429,0,10000000,1,1,1,0,0000000000000000,1
430,430,0,10000000,1,1,1,0,0000000000000000,1
431,431,0,10000000,1,1,1,0,0000000000000000,1
432,432,0,10000000,1,1,1,0,0000000000000000,1
433,433,0,10000000,1,1,1,0,0000000000000000,1
434,434,0,10000000,1,1,1,0,0000000000000000,1
435,435,0,10000000,1,1,1,0,0000000000000000,1
436,436,0,10000000,1,1,1,0,0000000000000000,1
437,437,0,10000000,1,1,1,0,0000000000000000,1
438,438,0,10000000,1,1,1,0,0000000000000000,1
439,439,0,10000000,1,1,1,0,0000000000000000,1
440,440,0,10000000,1,1,1,0,0000000000000000,1
441,441,0,10000000,1,1,1,0,0000000000000000,1
442,442,0,10000000,1,1,1,0,0000000000000000,1
443,443,0,10000000,1,1,1,0,0000000000000000,1
444,444,0,10000000,1,1,1,0,0000000000000000,1
445,445,0,10000000,1,1,1,0,0000000000000000,1
446,446,0,10000000,1,1,1,0,0000000000000000,1
447,447,0,10000000,1,1,1,0,0000000000000000,1
448,448,0,10000000,1,1,1,0,0000000000000000,1
449,449,0,10000000,1,1,1,0,0000000000000000,1
450,450,0,10000000,1,1,1,0,0000000000000000,1
451,451,0,10000000,1,1,1,0,0000000000000000,1
452,452,0,10000000,1,1,1,0,0000000000000000,1
453,453,0,10000000,1,1,1,0,0000000000000000,1
454,454,0,10000000,1,1,1,0,0000000000000000,1
455,455,0,10000000,1,1,1,0,0000000000000000,1
456,456,0,10000000,1,1,1,0,0000000000000000,1
457,457,0,10000000,1,1,1,0,0000000000000000,1
458,458,0,10000000,1,1,1,0,0000000000000000,1
459,459,0,10000000,1,1,1,0,0000000000000000,1
460,460,0,10000000,1,1,1,0,0000000000000000,1
461,461,0,10000000,1,1,1,0,0000000000000000,1
462,462,0,10000000,1,1,1,0,0000000000000000,1
463,463,0,10000000,1,1,1,0,0000000000000000,1
464,464,0,10000000,1,1,1,0,0000000000000000,1
465,465,0,10000000,1,1,1,0,0000000000000000,1
466,466,0,10000000,1,1,1,0,0000000000000000,1
467,467,0,10000000,1,1,1,0,0000000000000000,1
468,468,0,10000000,1,1,1,0,0000000000000000,1
469,469,0,10000000,1,1,1,0,0000000000000000,1
470,470,0,10000000,1,1,1,0,0000000000000000,1
471,471,0,10000000,1,1,1,0,0000000000000000,1
472,472,0,10000000,1,1,1,0,0000000000000000,1
473,473,0,10000000,1,1,1,0,0000000000000000,1
474,474,0,10000000,1,1,1,0,0000000000000000,1
475,475,0,10000000,1,1,1,0,0000000000000000,1
476,476,0,10000000,1,1,1,0,0000000000000000,1
477,477,0,10000000,1,1,1,0,0000000000000000,1
478,478,0,10000000,1,1,1,0,0000000000000000,1
479,479,0,10000000,1,1,1,0,0000000000000000,1
480,480,0,10000000,1,1,1,0,0000000000000000,1
481,481,0,10000000,1,1,1,0,0000000000000000,1
482,482,0,10000000,1,1,1,0,0000000000000000,1
483,483,0,10000000,1,1,1,0,0000000000000000,1
484,484,0,10000000,1,1,1,0,0000000000000000,1
485,485,0,10000000,1,1,1,0,0000000000000000,1
486,486,0,10000000,1,1,1,0,0000000000000000,1
487,487,0,10000000,1,1,1,0,0000000000000000,1
488,488,0,10000000,1,1,1,0,0000000000000000,1
489,489,0,10000000,1,1,1,0,0000000000000000,1
490,490,0,10000000,1,1,1,0,0000000000000000,1
491,491,0,10000000,1,1,1,0,0000000000000000,1
492,492,0,10000000,1,1,1,0,0000000000000000,1
493,493,0,10000000,1,1,1,0,0000000000000000,1
494,494,0,10000000,1,1,1,0,0000000000000000,1
495,495,0,10000000,1,1,1,0,0000000000000000,1
496,496,0,10000000,1,1,1,0,0000000000000000,1
497,497,0,10000000,1,1,1,0,0000000000000000,1
498,498,0,10000000,1,1,1,0,0000000000000000,1
499,499,0,10000000,1,1,1,0,0000000000000000,1
500,500,0,10000000,1,1,1,0,0000000000000000,1
501,501,0,10000000,1,1,1,0,0000000000000000,1
502,502,0,10000000,1,1,1,0,0000000000000000,1
503,503,0,10000000,1,1,1,0,0000000000000000,1
504,504,0,10000000,1,1,1,0,0000000000000000,1
505,505,0,10000000,1,1,1,0,0000000000000000,1
506,506,0,10000000,1,1,1,0,0000000000000000,1
507,507,0,10000000,1,1,1,0,0000000000000000,1
508,508,0,10000000,1,1,1,0,0000000000000000,1
509,509,0,10000000,1,1,1,0,0000000000000000,1
510,510,0,10000000,1,1,1,0,0000000000000000,1
511,511,0,10000000,1,1,1,0,0000000000000000,1
512,512,1,10000000,1,1,1,0,0000000000000000,0
513,513,0,10000000,1,1,1,0,0000000000000000,0
514,514,0,10000000,1,1,1,0,0000000000000000,0
515,515,0,10000000,0,1,1,0,0000000000000000,0
516,516,0,10000000,0,1,1,0,0000000000000000,0
517,517,0,10000000,0,1,1,0,0000000000000000,0
518,518,0,10000000,0,1,1,0,0000000000000000,0
519,519,0,10000000,0,1,1,0,0000000000000000,0
520,520,0,10000000,0,1,1,0,0000000000000000,0
521,521,0,10000000,0,1,1,0,0000000000000000,0
522,522,0,10000000,0,1,1,0,0000000000000000,0
523,523,0,10000000,0,1,1,0,0000000000000000,0
524,524,0,10000000,0,1,1,0,0000000000000000,0
525,525,0,10000000,0,0,1,0,0000000000000000,0
526,526,0,10000000,0,0,1,0,0000000000000000,0
527,527,0,10000000,0,0,1,0,0000000000000000,0
528,528,0,10000000,0,0,1,0,0000000000000000,0
529,529,0,10000000,0,0,1,0,0000000000000000,0
530,530,0,10000000,0,0,1,0,0000000000000000,0
531,531,0,10000000,0,0,1,0,0000000000000000,0
532,532,0,10000000,0,0,1,0,0000000000000000,0
533,533,0,10000000,0,0,1,0,0000000000000000,0
534,534,0,10000000,0,0,1,0,0000000000000000,0
535,535,0,10000000,0,0,1,0,0000000000000000,0
536,536,0,10000000,0,0,1,0,0000000000000000,0
537,537,0,10000000,0,0,1,0,0000000000000000,0
538,538,0,10000000,0,0,1,0,0000000000000000,0
539,539,0,10000000,0,0,1,0,0000000000000000,0
540,540,0,10000000,0,0,1,0,0000000000000000,0
541,541,0,10000000,0,0,1,0,0000000000000000,0
542,542,0,10000000,0,0,1,0,0000000000000000,0
543,543,0,10000000,0,0,1,0,0000000000000000,0
544,544,0,10000000,0,0,1,0,0000000000000000,0
545,545,0,10000000,0,0,1,0,0000000000000000,0
546,546,0,10000000,0,0,1,0,0000000000000000,0
547,547,0,10000000,0,0,1,0,0000000000000000,0
548,548,0,10000000,0,0,1,0,0000000000000000,0
549,549,0,10000000,0,0,1,0,0000000000000000,0
550,550,0,10000000,0,0,1,0,0000000000000000,0
551,551,0,10000000,0,0,1,0,0000000000000000,0
552,552,0,10000000,0,0,1,0,0000000000000000,0
553,553,0,10000000,0,0,1,0,0000000000000000,0
554,554,0,10000000,0,0,1,0,0000000000000000,0
555,555,0,10000000,0,0,1,0,0000000000000000,0
556,556,0,10000000,0,0,1,0,0000000000000000,0
557,557,0,10000000,0,0,1,0,0000000000000000,0
558,558,0,10000000,0,0,1,0,0000000000000000,0
559,559,0,10000000,0,0,1,0,0000000000000000,0
560,560,0,10000000,0,0,1,0,0000000000000000,0
561,561,0,10000000,0,0,1,0,0000000000000000,0
562,562,0,10000000,0,0,1,0,0000000000000000,0
563,563,0,10000000,0,0,1,0,0000000000000000,0
564,564,0,10000000,0,0,1,0,0000000000000000,0
565,565,0,10000000,0,0,1,0,0000000000000000,0
566,566,0,10000000,0,0,1,0,0000000000000000,0
567,567,0,10000000,0,0,1,0,0000000000000000,0
568,568,0,10000000,0,0,1,0,0000000000000000,0
569,569,0,10000000,0,0,1,0,0000000000000000,0
570,570,0,10000000,0,0,1,0,0000000000000000,0
571,571,0,10000000,0,0,1,0,0000000000000000,0
572,572,0,10000000,0,0,1,0,0000000000000000,0
573,573,0,10000000,0,0,1,0,0000000000000000,0
574,574,0,10000000,0,0,1,0,0000000000000000,0
575,575,0,10000000,0,0,1,0,0000000000000000,0
576,576,0,10000000,0,0,1,0,0000000000000000,0
577,577,0,10000000,0,0,1,0,0000000000000000,0
578,578,0,10000000,0,0,1,0,0000000000000000,0
579,579,0,10000000,0,0,1,0,0000000000000000,0
580,580,0,10000000,0,0,1,0,0000000000000000,0
581,581,0,10000000,0,0,1,0,0000000000000000,0
582,582,0,10000000,0,0,1,0,0000000000000000,0
583,583,0,10000000,0,0,1,0,0000000000000000,0
584,584,0,10000000,0,0,1,0,0000000000000000,0
585,585,0,10000000,0,0,1,0,0000000000000000,0
586,586,0,10000000,0,0,1,0,0000000000000000,0
587,587,0,10000000,0,0,1,0,0000000000000000,0
588,588,0,10000000,0,0,1,0,0000000000000000,0
589,589,0,10000000,0,0,1,0,0000000000000000,0
590,590,0,10000000,0,0,1,0,0000000000000000,0
591,591,0,10000000,0,0,1,0,0000000000000000,0
592,592,0,10000000,0,0,1,0,0000000000000000,0
593,593,0,10000000,0,0,1,0,0000000000000000,0
594,594,0,10000000,0,0,1,0,0000000000000000,0
595,595,0,10000000,0,0,1,0,0000000000000000,0
596,596,0,10000000,0,0,1,0,0000000000000000,0
597,597,0,10000000,0,0,1,0,0000000000000000,0
598,598,0,10000000,0,0,1,0,0000000000000000,0
599,599,0,10000000,0,0,1,0,0000000000000000,0
600,600,0,10000000,0,0,1,0,0000000000000000,0
601,601,0,10000000,0,0,1,0,0000000000000000,0
602,602,0,10000000,0,0,1,0,0000000000000000,0
603,603,0,10000000,0,0,1,0,0000000000000000,0
604,604,0,10000000,0,0,1,0,0000000000000000,0
605,605,0,10000000,0,0,1,0,0000000000000000,0
606,606,0,10000000,0,0,1,0,0000000000000000,0
607,607,0,10000000,0,0,1,0,0000000000000000,0
608,608,0,10000000,0,0,1,0,0000000000000000,0
609,609,0,10000000,0,0,1,0,0000000000000000,0
610,610,0,10000000,0,0,1,0,0000000000000000,0
611,611,0,10000000,0,0,1,0,0000000000000000,0
612,612,0,10000000,0,0,1,0,0000000000000000,0
613,613,0,10000000,0,0,1,0,0000000000000000,0
614,614,0,10000000,0,0,1,0,0000000000000000,0
615,615,0,10000000,0,0,1,0,0000000000000000,0
616,616,0,10000000,0,0,1,0,0000000000000000,0
617,617,0,10000000,0,0,1,0,0000000000000000,0
618,618,0,10000000,0,0,1,0,0000000000000000,0
619,619,0,10000000,0,0,1,0,0000000000000000,0
620,620,0,10000000,0,0,1,0,0000000000000000,0
621,621,0,10000000,0,0,1,0,0000000000000000,0
622,622,0,10000000,0,0,1,0,0000000000000000,0
623,623,0,10000000,0,0,1,0,0000000000000000,0
624,624,0,10000000,0,0,1,0,0000000000000000,0
625,625,0,10000000,0,0,1,0,0000000000000000,0
626,626,0,10000000,0,0,1,0,0000000000000000,0
627,627,0,10000000,0,0,1,0,0000000000000000,0
628,628,0,10000000,0,0,1,0,0000000000000000,0
629,629,0,10000000,0,0,1,0,0000000000000000,0
630,630,0,10000000,0,0,1,0,0000000000000000,0
631,631,0,10000000,0,0,1,0,0000000000000000,0
632,632,0,10000000,0,0,1,0,0000000000000000,0
633,633,0,10000000,0,0,1,0,0000000000000000,0
634,634,0,10000000,0,0,1,0,0000000000000000,0
635,635,0,10000000,0,0,1,0,0000000000000000,0
636,636,0,10000000,0,0,1,0,0000000000000000,0
637,637,0,10000000,0,0,1,0,0000000000000000,0
638,638,0,10000000,0,0,1,0,0000000000000000,0
639,639,0,10000000,0,0,1,0,0000000000000000,0
640,640,0,10000000,0,0,1,0,0000000000000000,0
641,641,0,10000000,0,0,1,0,0000000000000000,0
642,642,0,10000000,0,0,1,0,0000000000000000,0
643,643,0,10000000,0,0,1,0,0000000000000000,0
644,644,0,10000000,0,0,1,0,0000000000000000,0
645,645,0,10000000,0,0,1,0,0000000000000000,0
646,646,0,10000000,0,0,1,0,0000000000000000,0
647,647,0,10000000,0,0,1,0,0000000000000000,0
648,648,0,10000000,0,0,1,0,0000000000000000,0
649,649,0,10000000,0,0,1,0,0000000000000000,0
650,650,0,10000000,0,0,1,0,0000000000000000,0
651,651,0,10000000,0,0,1,0,0000000000000000,0
652,652,0,10000000,0,0,1,0,0000000000000000,0
653,653,0,10000000,0,0,1,0,0000000000000000,0
654,654,0,10000000,0,0,1,0,0000000000000000,0
655,655,0,10000000,0,0,1,0,0000000000000000,0
656,656,0,10000000,0,0,1,0,0000000000000000,0
657,657,0,10000000,0,0,1,0,0000000000000000,0
658,658,0,10000000,0,0,1,0,0000000000000000,0
659,659,0,10000000,0,0,1,0,0000000000000000,0
660,660,0,10000000,0,0,1,0,0000000000000000,0
661,661,0,10000000,0,0,1,0,0000000000000000,0
662,662,0,10000000,0,0,1,0,0000000000000000,0
663,663,0,10000000,0,0,1,0,0000000000000000,0
664,664,0,10000000,0,0,1,0,0000000000000000,0
665,665,0,10000000,0,0,1,0,0000000000000000,0
666,666,0,10000000,0,0,1,0,0000000000000000,0
667,667,0,10000000,0,0,1,0,0000000000000000,0
668,668,0,10000000,0,0,1,0,0000000000000000,0
669,669,0,10000000,0,0,1,0,0000000000000000,0
670,670,0,10000000,0,0,1,0,0000000000000000,0
671,671,0,10000000,0,0,1,0,0000000000000000,0
672,672,0,10000000,0,0,1,0,0000000000000000,0
673,673,0,10000000,0,0,1,0,0000000000000000,0
674,674,0,10000000,0,0,1,0,0000000000000000,0
675,675,0,10000000,0,0,1,0,0000000000000000,0
676,676,0,10000000,0,0,1,0,0000000000000000,0
677,677,0,10000000,0,0,1,0,0000000000000000,0
678,678,0,10000000,0,0,1,0,0000000000000000,0
679,679,0,10000000,0,0,1,0,0000000000000000,0
680,680,0,10000000,0,0,1,0,0000000000000000,0
681,681,0,10000000,0,0,1,0,0000000000000000,0
682,682,0,10000000,0,0,1,0,0000000000000000,0
683,683,0,10000000,0,0,1,0,0000000000000000,0
684,684,0,10000000,0,0,1,0,0000000000000000,0
685,685,0,10000000,0,0,1,0,0000000000000000,0
686,686,0,10000000,0,0,1,0,0000000000000000,0
687,687,0,10000000,0,0,1,0,0000000000000000,0
688,688,0,10000000,0,0,1,0,0000000000000000,0
689,689,0,10000000,0,0,1,0,0000000000000000,0
690,690,0,10000000,0,0,1,0,0000000000000000,0
691,691,0,10000000,0,0,1,0,0000000000000000,0
692,692,0,10000000,0,0,1,0,0000000000000000,0
693,693,0,10000000,0,0,1,0,0000000000000000,0
694,694,0,10000000,0,0,1,0,0000000000000000,0
695,695,0,10000000,0,0,1,0,0000000000000000,0
696,696,0,10000000,0,0,1,0,0000000000000000,0
697,697,0,10000000,0,0,1,0,0000000000000000,0
698,698,0,10000000,0,0,1,0,0000000000000000,0
699,699,0,10000000,0,0,1,0,0000000000000000,0
700,700,0,10000000,0,0,1,0,0000000000000000,0
701,701,0,10000000,0,0,1,0,0000000000000000,0
702,702,0,10000000,0,0,1,0,0000000000000000,0
703,703,0,10000000,0,0,1,0,0000000000000000,0
704,704,0,10000000,0,0,1,0,0000000000000000,0
705,705,0,10000000,0,0,1,0,0000000000000000,0
706,706,0,10000000,0,0,1,0,0000000000000000,0
707,707,0,10000000,0,0,1,0,0000000000000000,0
708,708,0,10000000,0,0,1,0,0000000000000000,0
709,709,0,10000000,0,0,1,0,0000000000000000,0
710,710,0,10000000,0,0,1,0,0000000000000000,0
711,711,0,10000000,0,0,1,0,0000000000000000,0
712,712,0,10000000,0,0,1,0,0000000000000000,0
713,713,0,10000000,0,0,1,0,0000000000000000,0
714,714,0,10000000,0,0,1,0,0000000000000000,0
715,715,0,10000000,0,0,1,0,0000000000000000,0
716,716,0,10000000,0,0,1,0,0000000000000000,0
717,717,0,10000000,0,0,1,0,0000000000000000,0
718,718,0,10000000,0,0,1,0,0000000000000000,0
719,719,0,10000000,0,0,1,0,0000000000000000,0
720,720,0,10000000,0,0,1,0,0000000000000000,0
721,721,0,10000000,0,0,1,0,0000000000000000,0
722,722,0,10000000,0,0,1,0,0000000000000000,0
723,723,0,10000000,0,0,1,0,0000000000000000,0
724,724,0,10000000,0,0,1,0,0000000000000000,0
725,725,0,10000000,0,0,1,0,0000000000000000,0
726,726,0,10000000,0,0,1,0,0000000000000000,0
727,727,0,10000000,0,0,1,0,0000000000000000,0
728,728,0,10000000,0,0,1,0,0000000000000000,0
729,729,0,10000000,0,0,1,0,0000000000000000,0
730,730,0,10000000,0,0,1,0,0000000000000000,0
731,731,0,10000000,0,0,1,0,0000000000000000,0
732,732,0,10000000,0,0,1,0,0000000000000000,0
733,733,0,10000000,0,0,1,0,0000000000000000,0
734,734,0,10000000,0,0,1,0,0000000000000000,0
735,735,0,10000000,0,0,1,0,0000000000000000,0
736,736,0,10000000,0,0,1,0,0000000000000000,0
737,737,0,10000000,0,0,1,0,0000000000000000,0
738,738,0,10000000,0,0,1,0,0000000000000000,0
739,739,0,10000000,0,0,1,0,0000000000000000,0
740,740,0,10000000,0,0,1,0,0000000000000000,0
741,741,0,10000000,0,0,1,0,0000000000000000,0
742,742,0,10000000,0,0,1,0,0000000000000000,0
743,743,0,10000000,0,0,1,0,0000000000000000,0
744,744,0,10000000,0,0,1,0,0000000000000000,0
745,745,0,10000000,0,0,1,0,0000000000000000,0
746,746,0,10000000,0,0,1,0,0000000000000000,0
747,747,0,10000000,0,0,1,0,0000000000000000,0
748,748,0,10000000,0,0,1,0,0000000000000000,0
749,749,0,10000000,0,0,1,0,0000000000000000,0
750,750,0,10000000,0,0,1,0,0000000000000000,0
751,751,0,10000000,0,0,1,0,0000000000000000,0
752,752,0,10000000,0,0,1,0,0000000000000000,0
753,753,0,10000000,0,0,1,0,0000000000000000,0
754,754,0,10000000,0,0,1,0,0000000000000000,0
755,755,0,10000000,0,0,1,0,0000000000000000,0
756,756,0,10000000,0,0,1,0,0000000000000000,0
757,757,0,10000000,0,0,1,0,0000000000000000,0
758,758,0,10000000,0,0,1,0,0000000000000000,0
759,759,0,10000000,0,0,1,0,0000000000000000,0
760,760,0,10000000,0,0,1,0,0000000000000000,0
761,761,0,10000000,0,0,1,0,0000000000000000,0
762,762,0,10000000,0,0,1,0,0000000000000000,0
763,763,0,10000000,0,0,1,0,0000000000000000,0
764,764,0,10000000,0,0,1,0,0000000000000000,0
765,765,0,10000000,0,0,1,0,0000000000000000,0
766,766,0,10000000,0,0,1,0,0000000000000000,0
767,767,0,10000000,0,0,1,0,0000000000000000,0
768,768,0,10000000,0,0,1,0,0000000000000000,0
769,769,0,10000000,0,0,1,0,0000000000000000,0
770,770,0,10000000,0,0,1,0,0000000000000000,0
771,771,0,10000000,0,0,1,0,0000000000000000,0
772,772,0,10000000,0,0,1,0,0000000000000000,0
773,773,0,10000000,0,0,1,0,0000000000000000,0
774,774,0,10000000,0,0,1,0,0000000000000000,0
775,775,0,10000000,0,0,1,0,0000000000000000,0
776,776,0,10000000,0,0,1,0,0000000000000000,0
777,777,0,10000000,0,0,1,0,0000000000000000,0
778,778,0,10000000,0,0,1,0,0000000000000000,0
779,779,0,10000000,0,0,1,0,0000000000000000,0
780,780,0,10000000,0,0,1,0,0000000000000000,0
781,781,0,10000000,0,0,1,0,0000000000000000,0
782,782,0,10000000,0,0,1,0,0000000000000000,0
783,783,0,10000000,0,0,1,0,0000000000000000,0
784,784,0,10000000,0,0,1,0,0000000000000000,0
785,785,0,10000000,0,0,1,0,0000000000000000,0
786,786,0,10000000,0,0,1,0,0000000000000000,0
787,787,0,10000000,0,0,1,0,0000000000000000,0
788,788,0,10000000,0,0,1,0,0000000000000000,0
789,789,0,10000000,0,0,1,0,0000000000000000,0
790,790,0,10000000,0,0,1,0,0000000000000000,0
791,791,0,10000000,0,0,1,0,0000000000000000,0
792,792,0,10000000,0,0,1,0,0000000000000000,0
793,793,0,10000000,0,0,1,0,0000000000000000,0
794,794,0,10000000,0,0,1,0,0000000000000000,0
795,795,0,10000000,0,0,1,0,0000000000000000,0
796,796,0,10000000,0,0,1,0,0000000000000000,0
797,797,0,10000000,0,0,1,0,0000000000000000,0
798,798,0,10000000,0,0,1,0,0000000000000000,0
799,799,0,10000000,0,0,1,0,0000000000000000,0
800,800,0,10000000,0,0,1,0,0000000000000000,0
801,801,0,10000000,0,0,1,0,0000000000000000,0
802,802,0,10000000,0,0,1,0,0000000000000000,0
803,803,0,10000000,0,0,1,0,0000000000000000,0
804,804,0,10000000,0,0,1,0,0000000000000000,0
805,805,0,10000000,0,0,1,0,0000000000000000,0
806,806,0,10000000,0,0,1,0,0000000000000000,0
807,807,0,10000000,0,0,1,0,0000000000000000,0
808,808,0,10000000,0,0,1,0,0000000000000000,0
809,809,0,10000000,0,0,1,0,0000000000000000,0
810,810,0,10000000,0,0,1,0,0000000000000000,0
811,811,0,10000000,0,0,1,0,0000000000000000,0
812,812,0,10000000,0,0,1,0,0000000000000000,0
813,813,0,10000000,0,0,1,0,0000000000000000,0
814,814,0,10000000,0,0,1,0,0000000000000000,0
815,815,0,10000000,0,0,1,0,0000000000000000,0
816,816,0,10000000,0,0,1,0,0000000000000000,0
817,817,0,10000000,0,0,1,0,0000000000000000,0
818,818,0,10000000,0,0,1,0,0000000000000000,0
819,819,0,10000000,0,0,1,0,0000000000000000,0
820,820,0,10000000,0,0,1,0,0000000000000000,0
821,821,0,10000000,0,0,1,0,0000000000000000,0
822,822,0,10000000,0,0,1,0,0000000000000000,0
823,823,0,10000000,0,0,1,0,0000000000000000,0
824,824,0,10000000,0,0,1,0,0000000000000000,0
825,825,0,10000000,0,0,1,0,0000000000000000,0
826,826,0,10000000,0,0,1,0,0000000000000000,0
827,827,0,10000000,0,0,1,0,0000000000000000,0
828,828,0,10000000,0,0,1,0,0000000000000000,0
829,829,0,10000000,0,0,1,0,0000000000000000,0
830,830,0,10000000,0,0,1,0,0000000000000000,0
831,831,0,10000000,0,0,1,0,0000000000000000,0
832,832,0,10000000,0,0,1,0,0000000000000000,0
833,833,0,10000000,0,0,1,0,0000000000000000,0
834,834,0,10000000,0,0,1,0,0000000000000000,0
835,835,0,10000000,0,0,1,0,0000000000000000,0
836,836,0,10000000,0,0,1,0,0000000000000000,0
837,837,0,10000000,0,0,1,0,0000000000000000,0
838,838,0,10000000,0,0,1,0,0000000000000000,0
839,839,0,10000000,0,0,1,0,0000000000000000,0
840,840,0,10000000,0,0,1,0,0000000000000000,0
841,841,0,10000000,0,0,1,0,0000000000000000,0
842,842,0,10000000,0,0,1,0,0000000000000000,0
843,843,0,10000000,0,0,1,0,0000000000000000,0
844,844,0,10000000,0,0,1,0,0000000000000000,0
845,845,0,10000000,0,0,1,0,0000000000000000,0
846,846,0,10000000,0,0,1,0,0000000000000000,0
847,847,0,10000000,0,0,1,0,0000000000000000,0
848,848,0,10000000,0,0,1,0,0000000000000000,0
849,849,0,10000000,0,0,1,0,0000000000000000,0
850,850,0,10000000,0,0,1,0,0000000000000000,0
851,851,0,10000000,0,0,1,0,0000000000000000,0
852,852,0,10000000,0,0,1,0,0000000000000000,0
853,853,0,10000000,0,0,1,0,0000000000000000,0
854,854,0,10000000,0,0,1,0,0000000000000000,0
855,855,0,10000000,0,0,1,0,0000000000000000,0
856,856,0,10000000,0,0,1,0,0000000000000000,0
857,857,0,10000000,0,0,1,0,0000000000000000,0
858,858,0,10000000,0,0,1,0,0000000000000000,0
859,859,0,10000000,0,0,1,0,0000000000000000,0
860,860,0,10000000,0,0,1,0,0000000000000000,0
861,861,0,10000000,0,0,1,0,0000000000000000,0
862,862,0,10000000,0,0,1,0,0000000000000000,0
863,863,0,10000000,0,0,1,0,0000000000000000,0
864,864,0,10000000,0,0,1,0,0000000000000000,0
865,865,0,10000000,0,0,1,0,0000000000000000,0
866,866,0,10000000,0,0,1,0,0000000000000000,0
867,867,0,10000000,0,0,1,0,0000000000000000,0
868,868,0,10000000,0,0,1,0,0000000000000000,0
869,869,0,10000000,0,0,1,0,0000000000000000,0
870,870,0,10000000,0,0,1,0,0000000000000000,0
871,871,0,10000000,0,0,1,0,0000000000000000,0
872,872,0,10000000,0,0,1,0,0000000000000000,0
873,873,0,10000000,0,0,1,0,0000000000000000,0
874,874,0,10000000,0,0,1,0,0000000000000000,0
875,875,0,10000000,0,0,1,0,0000000000000000,0
876,876,0,10000000,0,0,1,0,0000000000000000,0
877,877,0,10000000,0,0,1,0,0000000000000000,0
878,878,0,10000000,0,0,1,0,0000000000000000,0
879,879,0,10000000,0,0,1,0,0000000000000000,0
880,880,0,10000000,0,0,1,0,0000000000000000,0
881,881,0,10000000,0,0,1,0,0000000000000000,0
882,882,0,10000000,0,0,1,0,0000000000000000,0
883,883,0,10000000,0,0,1,0,0000000000000000,0
884,884,0,10000000,0,0,1,0,0000000000000000,0
885,885,0,10000000,0,0,1,0,0000000000000000,0
886,886,0,10000000,0,0,1,0,0000000000000000,0
887,887,0,10000000,0,0,1,0,0000000000000000,0
888,888,0,10000000,0,0,1,0,0000000000000000,0
889,889,0,10000000,0,0,1,0,0000000000000000,0
890,890,0,10000000,0,0,1,0,0000000000000000,0
891,891,0,10000000,0,0,1,0,0000000000000000,0
892,892,0,10000000,0,0,1,0,0000000000000000,0
893,893,0,10000000,0,0,1,0,0000000000000000,0
894,894,0,10000000,0,0,1,0,0000000000000000,0
895,895,0,10000000,0,0,1,0,0000000000000000,0
896,896,0,10000000,0,0,1,0,0000000000000000,0
897,897,0,10000000,0,0,1,0,0000000000000000,0
898,898,0,10000000,0,0,1,0,0000000000000000,0
899,899,0,10000000,0,0,1,0,0000000000000000,0
900,900,0,10000000,0,0,1,0,0000000000000000,0
901,901,0,10000000,0,0,1,0,0000000000000000,0
902,902,0,10000000,0,0,1,0,0000000000000000,0
903,903,0,10000000,0,0,1,0,0000000000000000,0
904,904,0,10000000,0,0,1,0,0000000000000000,0
905,905,0,10000000,0,0,1,0,0000000000000000,0
906,906,0,10000000,0,0,1,0,0000000000000000,0
907,907,0,10000000,0,0,1,0,0000000000000000,0
908,908,0,10000000,0,0,1,0,0000000000000000,0
909,909,0,10000000,0,0,1,0,0000000000000000,0
910,910,0,10000000,0,0,1,0,0000000000000000,0
911,911,0,10000000,0,0,1,0,0000000000000000,0
912,912,0,10000000,0,0,1,0,0000000000000000,0
913,913,0,10000000,0,0,1,0,0000000000000000,0
914,914,0,10000000,0,0,1,0,0000000000000000,0
915,915,0,10000000,0,0,1,0,0000000000000000,0
916,916,0,10000000,0,0,1,0,0000000000000000,0
917,917,0,10000000,0,0,1,0,0000000000000000,0
918,918,0,10000000,0,0,1,0,0000000000000000,0
919,919,0,10000000,0,0,1,0,0000000000000000,0
920,920,0,10000000,0,0,1,0,0000000000000000,0
921,921,0,10000000,0,0,1,0,0000000000000000,0
922,922,0,10000000,0,0,1,0,0000000000000000,0
923,923,0,10000000,0,0,1,0,0000000000000000,0
924,924,0,10000000,0,0,1,0,0000000000000000,0
925,925,0,10000000,0,0,1,0,0000000000000000,0
926,926,0,10000000,0,0,1,0,0000000000000000,0
927,927,0,10000000,0,0,1,0,0000000000000000,0
928,928,0,10000000,0,0,1,0,0000000000000000,0
929,929,0,10000000,0,0,1,0,0000000000000000,0
930,930,0,10000000,0,0,1,0,0000000000000000,0
931,931,0,10000000,0,0,1,0,0000000000000000,0
932,932,0,10000000,0,0,1,0,0000000000000000,0
933,933,0,10000000,0,0,1,0,0000000000000000,0
934,934,0,10000000,0,0,1,0,0000000000000000,0
935,935,0,10000000,0,0,1,0,0000000000000000,0
936,936,0,10000000,0,0,1,0,0000000000000000,0
937,937,0,10000000,0,0,1,0,0000000000000000,0
938,938,0,10000000,0,0,1,0,0000000000000000,0
939,939,0,10000000,0,0,1,0,0000000000000000,0
940,940,0,10000000,0,0,1,0,0000000000000000,0
941,941,0,10000000,0,0,1,0,0000000000000000,0
942,942,0,10000000,0,0,1,0,0000000000000000,0
943,943,0,10000000,0,0,1,0,0000000000000000,0
944,944,0,10000000,0,0,1,0,0000000000000000,0
945,945,0,10000000,0,0,1,0,0000000000000000,0
946,946,0,10000000,0,0,1,0,0000000000000000,0
947,947,0,10000000,0,0,1,0,0000000000000000,0
948,948,0,10000000,0,0,1,0,0000000000000000,0
949,949,0,10000000,0,0,1,0,0000000000000000,0
950,950,0,10000000,0,0,1,0,0000000000000000,0
951,951,0,10000000,0,0,1,0,0000000000000000,0
952,952,0,10000000,0,0,1,0,0000000000000000,0
953,953,0,10000000,0,0,1,0,0000000000000000,0
954,954,0,10000000,0,0,1,0,0000000000000000,0
955,955,0,10000000,0,0,1,0,0000000000000000,0
956,956,0,10000000,0,0,1,0,0000000000000000,0
957,957,0,10000000,0,0,1,0,0000000000000000,0
958,958,0,10000000,0,0,1,0,0000000000000000,0
959,959,0,10000000,0,0,1,0,0000000000000000,0
960,960,0,10000000,0,0,1,0,0000000000000000,0
961,961,0,10000000,0,0,1,0,0000000000000000,0
962,962,0,10000000,0,0,1,0,0000000000000000,0
963,963,0,10000000,0,0,1,0,0000000000000000,0
964,964,0,10000000,0,0,1,0,0000000000000000,0
965,965,0,10000000,0,0,1,0,0000000000000000,0
966,966,0,10000000,0,0,1,0,0000000000000000,0
967,967,0,10000000,0,0,1,0,0000000000000000,0
968,968,0,10000000,0,0,1,0,0000000000000000,0
969,969,0,10000000,0,0,1,0,0000000000000000,0
970,970,0,10000000,0,0,1,0,0000000000000000,0
971,971,0,10000000,0,0,1,0,0000000000000000,0
972,972,0,10000000,0,0,1,0,0000000000000000,0
973,973,0,10000000,0,0,1,0,0000000000000000,0
974,974,0,10000000,0,0,1,0,0000000000000000,0
975,975,0,10000000,0,0,1,0,0000000000000000,0
976,976,0,10000000,0,0,1,0,0000000000000000,0
977,977,0,10000000,0,0,1,0,0000000000000000,0
978,978,0,10000000,0,0,1,0,0000000000000000,0
979,979,0,10000000,0,0,1,0,0000000000000000,0
980,980,0,10000000,0,0,1,0,0000000000000000,0
981,981,0,10000000,0,0,1,0,0000000000000000,0
982,982,0,10000000,0,0,1,0,0000000000000000,0
983,983,0,10000000,0,0,1,0,0000000000000000,0
984,984,0,10000000,0,0,1,0,0000000000000000,0
985,985,0,10000000,0,0,1,0,0000000000000000,0
986,986,0,10000000,0,0,1,0,0000000000000000,0
987,987,0,10000000,0,0,1,0,0000000000000000,0
988,988,0,10000000,0,0,1,0,0000000000000000,0
989,989,0,10000000,0,0,1,0,0000000000000000,0
990,990,0,10000000,0,0,1,0,0000000000000000,0
991,991,0,10000000,0,0,1,0,0000000000000000,0
992,992,0,10000000,0,0,1,0,0000000000000000,0
993,993,0,10000000,0,0,1,0,0000000000000000,0
994,994,0,10000000,0,0,1,0,0000000000000000,0
995,995,0,10000000,0,0,1,0,0000000000000000,0
996,996,0,10000000,0,0,1,0,0000000000000000,0
997,997,0,10000000,0,0,1,0,0000000000000000,0
998,998,0,10000000,0,0,1,0,0000000000000000,0
999,999,0,10000000,0,0,1,0,0000000000000000,0
1000,1000,0,10000000,0,0,1,0,0000000000000000,0
1001,1001,0,10000000,0,0,1,0,0000000000000000,0
1002,1002,0,10000000,0,0,1,0,0000000000000000,0
1003,1003,0,10000000,0,0,1,0,0000000000000000,0
1004,1004,0,10000000,0,0,1,0,0000000000000000,0
1005,1005,0,10000000,0,0,1,0,0000000000000000,0
1006,1006,0,10000000,0,0,1,0,0000000000000000,0
1007,1007,0,10000000,0,0,1,0,0000000000000000,0
1008,1008,0,10000000,0,0,1,0,0000000000000000,0
1009,1009,0,10000000,0,0,1,0,0000000000000000,0
1010,1010,0,10000000,0,0,1,0,0000000000000000,0
1011,1011,0,10000000,0,0,1,0,0000000000000000,0
1012,1012,0,10000000,0,0,1,0,0000000000000000,0
1013,1013,0,10000000,0,0,1,0,0000000000000000,0
1014,1014,0,10000000,0,0,1,0,0000000000000000,0
1015,1015,0,10000000,0,0,1,0,0000000000000000,0
1016,1016,0,10000000,0,0,1,0,0000000000000000,0
1017,1017,0,10000000,0,0,1,0,0000000000000000,0
1018,1018,0,10000000,0,0,1,0,0000000000000000,0
1019,1019,0,10000000,0,0,1,0,0000000000000000,0
1020,1020,0,10000000,0,0,1,0,0000000000000000,0
1021,1021,0,10000000,0,0,1,0,0000000000000000,0
1022,1022,0,10000000,0,0,1,0,0000000000000000,0
1023,1023,0,10000000,0,0,1,0,0000000000000000,0
